trial_number,value,state,duration,lr,batch_size,lambda1_metaweight,lambda4
0,2.0107629552512662e-06,COMPLETE,0:00:02.214208,0.0020655538508122877,168,1.187299457981016,0.39858520043159057
1,1.9195659283933968,PRUNED,0:00:02.914319,2.154286570859562e-05,53,0.9011540095784696,1.0965417461468756
2,1.398476635373157,PRUNED,0:00:04.758780,0.013620064515368482,13,0.8037485904636185,0.4584308300035549
3,2.0136546936555533e-06,COMPLETE,0:00:02.174192,0.001626566068216457,231,0.9622933790832944,1.495656262622868
4,2.002244627874461e-06,COMPLETE,0:00:02.047375,2.4172481704160973e-05,256,0.6341865139861287,1.081708396533006
5,2.055767481579096e-06,COMPLETE,0:00:02.527730,0.0011705659916415763,125,0.8924988107870154,0.4560745228777746
6,3.619507392247518,PRUNED,0:00:02.798210,0.0898277610138876,72,0.7313063783452716,0.8233582940528987
7,1.9882254491676576e-06,COMPLETE,0:00:02.718100,0.00012466702443702146,109,1.1529577846545873,1.9763186450207038
8,2.182332991651492e-06,COMPLETE,0:00:04.245973,0.0002253860208359495,37,0.7591244028722897,0.14098507784739203
9,10.723228682004489,PRUNED,0:00:02.459855,0.03118881351491158,23,1.286519971287491,1.7913220987787217
10,1.2109600955789739,PRUNED,0:00:00.896064,0.006499267967146813,143,0.8578906493699658,1.2762489294020574
11,4.451840140973218e-06,COMPLETE,0:00:02.579831,0.001044467395602942,72,0.7305391872905657,1.2766937837429262
12,15317.748986318707,PRUNED,0:00:00.072964,0.03567121663841767,193,1.0952522249837995,1.8447799830173912
13,1.9456416964530945,PRUNED,0:00:00.303313,1.7571609437389685e-06,191,0.7709666026170207,0.7648941203359606
14,1.7801674207051594,PRUNED,0:00:00.508508,0.000491664016197574,125,0.8182199657460528,1.0875606070560506
15,30847.412323781424,PRUNED,0:00:00.055860,0.04984132467570313,233,1.3267778907435943,1.9498870851698693
16,97.96608141490391,PRUNED,0:00:00.054381,0.004596736206338033,236,0.5117498398218424,0.3589714742821442
17,1.9407840808232626,PRUNED,0:00:00.428373,1.011906518197187e-06,106,1.4893301116220141,1.5286863986922916
18,1.9443869113922119,PRUNED,0:00:00.442818,3.344169225382437e-05,100,1.4623576832563332,1.6257344575651231
19,0.8219407452158181,PRUNED,0:00:12.242319,6.933182092173862e-05,9,1.4273602098321556,1.5555717735162329
20,1.9425008296966553,PRUNED,0:00:00.484769,5.119960522727833e-05,86,1.471386602292817,1.5558407576619502
21,2.022324679273879e-06,COMPLETE,0:00:09.258837,7.1814358352128e-05,15,0.5330582328863043,1.632059735216755
22,1.7361151821473066,PRUNED,0:00:01.806501,5.7922319387512144e-05,22,0.5541884140167865,0.8250798097680665
23,1.9436396875164725,PRUNED,0:00:01.398307,6.7070775813210945e-06,17,0.6261953346026433,0.1799139664947147
24,1.8028763267729018,PRUNED,0:00:00.947534,0.00013262607853501183,42,0.5561521891049408,0.7150166703891336
25,1.9374886274337768,PRUNED,0:00:00.370041,9.934226661449711e-05,155,0.6233558394777996,0.7270454371896806
26,1.9459598511457443,PRUNED,0:00:00.320924,4.402246741276902e-06,200,1.042738424096549,0.1296712011364991
27,1.9492987990379333,PRUNED,0:00:00.250595,6.723428373104436e-06,254,1.0536950369631872,0.9020957961927738
28,1.9438734981748793,PRUNED,0:00:00.292859,0.00017081143638998523,179,1.181826685430046,0.13750063999510526
29,1.9788620604409113,PRUNED,0:00:00.235067,0.0002427100816306382,183,1.1287409572137515,0.20491434890279414
30,1.945173978805542,PRUNED,0:00:00.279286,0.00018879176174815525,168,1.181400837648739,0.10201542512579742
31,1.929222333431244,PRUNED,0:00:00.340452,0.0002307560457065366,151,1.176917458631236,1.342362364771258
32,1.970150113105774,PRUNED,0:00:00.220048,0.00023811324000250057,172,1.1925695835945058,1.2613228894966866
33,2.8551374276479087,PRUNED,0:00:00.131302,0.0004898216796222511,167,1.2413127397635861,1.4002967155808526
34,1.956593930721283,PRUNED,0:00:00.375634,1.2379539527410447e-05,164,1.218806403911119,1.2280153864542185
35,1.9484997229142622,PRUNED,0:00:00.325366,1.5554573753716362e-05,140,1.3747996105516476,1.2890839371160223
36,1.9503122121095657,PRUNED,0:00:00.339089,1.357066470346665e-05,210,0.959703164253714,0.6179961923571791
37,1.960251972079277,PRUNED,0:00:00.334650,1.6293275842793968e-05,211,0.9563849828699169,0.9713411779510133
38,24.34580535548074,PRUNED,0:00:00.070369,0.001575864819590539,221,0.9535180309099908,0.9967615522152639
39,1.9312215000391006,PRUNED,0:00:00.333342,1.3785995961644299e-05,212,0.9657832597127135,1.672067318678432
40,125.31523269414902,PRUNED,0:00:00.073937,0.003516049184765075,210,1.3235115515182854,0.5902503837279742
41,44.39207199215889,PRUNED,0:00:00.073008,0.002369783320109634,212,0.9686980569374488,0.5368522646774113
42,1734.8699593742688,PRUNED,0:00:00.069640,0.013000561721650046,251,0.9888183508519052,1.6754402305211267
43,847.7638004422188,PRUNED,0:00:00.093653,0.008669425571578486,250,1.1154704506052506,1.7194166585843753
44,1248.8093764185905,PRUNED,0:00:00.076001,0.011582344546183839,251,0.8994461814744231,1.7286480852158843
45,781.5696658747537,PRUNED,0:00:00.071834,0.009979934889253608,238,0.8974751044120102,1.707188564184048
46,8.471323081425258,PRUNED,0:00:00.077732,0.0008666639195429885,237,0.8891924601052577,1.761950999854176
47,7.691256284713745,PRUNED,0:00:00.096885,0.000718447247969718,233,1.125710876900928,1.9084210174390417
48,2.497571553502764,PRUNED,0:00:00.196585,0.0007120787256527763,109,0.7187923217399904,0.3773760158126969
49,6.425014349130484,PRUNED,0:00:00.081960,0.0009270903315423021,116,0.7099474054560566,0.43643086395421604
50,2.2885678181281457,PRUNED,0:00:00.180216,0.0006298996585771601,123,0.7393453419864797,0.3486670702581295
51,2.6304316153893104,PRUNED,0:00:00.170339,0.0007488313161492529,121,0.7217415237613076,0.33717075570168015
52,9.7125104367733,PRUNED,0:00:00.091028,0.0014054053430644134,126,0.7165982186140337,0.3644531621949272
53,10.415677398443222,PRUNED,0:00:00.106050,0.0015138615083668569,130,0.8196840429879764,0.2977550353041979
54,13.593304203904193,PRUNED,0:00:00.116850,0.0018841609442786207,67,1.2653831448582042,0.28537704323132906
55,35.92371331242954,PRUNED,0:00:00.100831,0.002656834919017219,90,0.8386815279340365,1.1696051461051722
56,1.9559577107429504,PRUNED,0:00:00.268144,0.0004147915644471048,98,1.028012057871504,1.1455141056861744
57,4.053277280036127e-06,COMPLETE,0:00:02.970547,0.0004135926334914483,61,0.6589081175210192,0.23396481723147833
58,1.7469579922525507,PRUNED,0:00:00.715405,0.000381954126945424,80,1.035409236325849,1.148217218863605
59,1.9399795201089647,PRUNED,0:00:00.445310,5.928159130451216e-05,83,0.8494168107859916,1.1580441280320126
60,1.9024075627326966,PRUNED,0:00:00.962135,7.810799353686793e-05,38,0.6634568043603339,1.169364747957525
61,1.9192684275763376,PRUNED,0:00:00.897007,6.843760086431849e-05,43,0.6415092944987936,1.4377129171705467
62,1.8962635935806647,PRUNED,0:00:00.978886,8.145920028789758e-05,37,0.6649783724051581,1.4626922851241935
63,3160.252809097027,PRUNED,0:00:00.196194,0.023296610693271057,53,0.6386384687545111,1.8820976665348852
64,2.2777278445573756e-06,COMPLETE,0:00:14.335713,0.00011458224512679927,9,0.7910524494949094,1.471690406918601
65,0.7765227926354255,PRUNED,0:00:16.896913,0.00010325274859093701,4,0.7745280874381127,1.459332942683905
66,126.43543533980846,PRUNED,0:00:00.069964,0.004681409746332251,193,0.7673495286278325,1.5649237479927405
67,1.9456747770309448,PRUNED,0:00:00.291287,3.3522630862333085e-05,140,0.772712387501536,0.8397191422846063
68,1.7556427717208862,PRUNED,0:00:03.608660,2.7994896741009587e-05,7,0.5826138277470406,1.0581693731025394
69,3.27710404235404e-06,COMPLETE,0:00:14.110141,0.00012843413405699334,9,0.5799043425726634,1.052322482466993
70,1.9138914087544316,PRUNED,0:00:00.608000,0.00012483138593674016,65,0.5915941640536626,0.25816182295216794
71,147.08502495730366,PRUNED,0:00:00.128268,0.005782121448417626,56,1.0687777092394264,1.980026363033484
72,1.9492594344275338,PRUNED,0:00:00.228297,3.200906723039606e-05,226,0.573151363541973,1.055099801554762
73,9.549671304225921,PRUNED,0:00:00.069559,0.0011433380460773208,152,0.6825600684060614,1.352594932414944
74,6.4634424866207185,PRUNED,0:00:00.657940,0.0030750564330206047,6,0.7936640977876082,0.462216464232879
75,4.457193881535204e-06,COMPLETE,0:00:05.768888,0.0003552967633727381,24,0.9300937426995617,0.20645235781437477
76,3.1192728329187958e-06,COMPLETE,0:00:04.540743,0.0002704481018657139,32,0.5273711014857871,0.2138141065982473
77,3.715211960297893e-06,COMPLETE,0:00:05.444129,0.0003035913226502246,28,0.5349407834362611,0.21015390647058557
78,4.323175744502805e-06,COMPLETE,0:00:07.806242,0.00030214511307935044,18,0.5385277820022603,0.1907770591043954
79,1.3142946196926966,PRUNED,0:00:01.377975,0.00014596939658789024,28,0.5063031641676777,1.845144067762354
80,1.9291700758511507,PRUNED,0:00:00.714371,4.3982729020682757e-05,19,0.5002682934521954,1.7969559112594253
81,1.9270155849781903,PRUNED,0:00:00.790065,4.5630258753757226e-05,17,0.5509696936645297,0.13691441203942556
82,4.5540487008111086e-06,COMPLETE,0:00:07.557379,0.0002760486294204112,18,0.5465881050539819,0.13335776050582177
83,2.3084684440067837,PRUNED,0:00:00.059002,0.000260641279618356,243,0.539834682094451,0.10257461305092463
84,1.913593556880951,PRUNED,0:00:00.506751,0.00012497753801575003,30,0.611697794534266,1.6038484686407894
85,1.9252337139585745,PRUNED,0:00:00.479735,0.00010204149644807154,33,0.6088521308734041,0.4987039173524735
86,1.9467391173044841,PRUNED,0:00:00.165341,7.537847882261919e-06,182,1.0084359058369623,0.6733099234394595
87,2.297759622335434,PRUNED,0:00:00.063622,0.00019127615009806033,200,1.0794645201222675,0.680222784798715
88,1.9353684663772583,PRUNED,0:00:00.334165,9.832986241871323e-05,50,0.6022642002907538,0.4306815124619264
89,2.189037549880243,PRUNED,0:00:00.126494,0.0002793195987911709,48,0.52599401028106,0.4319998113384367
90,2.3594638466835023,PRUNED,0:00:00.070817,0.00029279206273509056,159,0.5224332115031691,0.1665418625110185
91,1.936869849120417,PRUNED,0:00:01.017101,2.0913821264965533e-05,12,0.5318785626653224,0.31370819181430476
92,2.5070944502658676e-06,COMPLETE,0:00:11.369677,0.00018231405806406643,11,1.1445783013539554,0.19374420283732496
93,2.8844301158731636,PRUNED,0:00:00.077557,0.0005959977155449011,138,0.5522851756356089,0.30677877508605195
94,3.111769501629169e-06,COMPLETE,0:00:10.800846,0.0002023683486277604,12,1.1542166154294706,0.2446797006381464
95,32.198431483336854,PRUNED,0:00:00.081127,0.0022375153189286377,114,0.8716574657500522,1.487124754753084
96,4.121420308947563,PRUNED,0:00:00.081769,0.0005207466565312525,98,1.2335417273781946,0.2133117444636034
97,3.478966916761091,PRUNED,0:00:00.202234,0.001027198095362068,24,1.1484234978791101,0.2626407709804631
98,2.1709424406290054,PRUNED,0:00:00.099633,0.00020098735219605508,62,0.9232171720692749,0.23544859197355997
99,6.4216734908875965,PRUNED,0:00:00.094794,0.0012591830685968353,74,0.5794701776526399,0.1499332901077035
100,2.522911622243769,PRUNED,0:00:00.126215,0.00044550173726874096,44,0.6967540821000162,0.39090017151799306
101,46.37574326992035,PRUNED,0:00:00.068744,0.004001841978587728,133,0.6528402888309441,0.5547171430944925
102,3.1807089845339456,PRUNED,0:00:00.056684,0.00029480429410832837,256,1.3144983745070988,0.9867767901677927
103,1.9740445397116921,PRUNED,0:00:00.119939,0.00017446121284598354,146,0.7569542323996824,0.18092684591463287
104,1.9168517334120614,PRUNED,0:00:00.447889,0.00014805116351620615,36,1.1515037243810282,0.24027676816865257
105,2.641532676560538,PRUNED,0:00:00.067372,0.0003500965399167797,244,0.5654503205047969,0.38626556501798437
106,8.18242541381291,PRUNED,0:00:00.086477,0.0008032383131907712,224,0.9892722804779969,1.9342788163452633
107,27.501662616546337,PRUNED,0:00:00.135319,0.0019514765247673094,59,1.3919116883551117,0.8977322232498319
108,2.665070857320513,PRUNED,0:00:00.114788,0.0005574047814803406,71,0.6859884641764917,1.321812860258886
109,4.9531621829323145,PRUNED,0:00:00.463668,0.0017148934127094173,13,0.8153908876983232,1.2156335161774234
110,7.690194368362427,PRUNED,0:00:00.098703,0.0010463186372909768,107,0.7414926665163288,1.0976309520373513
111,4.994237560492295,PRUNED,0:00:00.176387,0.0013454359159423704,29,0.7797825134353693,1.3759695757493193
112,1.9431961874167125,PRUNED,0:00:00.368177,2.4520493496203807e-06,42,0.6314349583206241,1.412242730444283
113,2.5026820367202163e-06,COMPLETE,0:00:06.991705,0.0004472422509261574,19,0.6273807475882396,0.17951156217360145
114,1.9431304995218912,PRUNED,0:00:00.670367,1.0187494184118771e-05,20,1.1991038727904852,0.1837717298410285
115,0.5449341214221457,PRUNED,0:00:06.415113,9.795507652371875e-05,13,0.9297446148909013,1.6470811868923567
116,0.8691849858770447,PRUNED,0:00:07.835212,9.793587738628949e-05,6,0.9200804035175596,1.5253815753016244
117,0.9407751714119889,PRUNED,0:00:06.207453,0.00010541102836111186,7,0.8411693642545485,1.4884791309235343
118,0.8482893714368743,PRUNED,0:00:09.567739,9.910039194575593e-05,5,0.8725474493246893,1.5167404480007571
119,1.933380524688792,PRUNED,0:00:00.640297,6.0039285028015546e-05,14,0.9263398801868258,1.6038347399104578
120,1.0817005619945297,PRUNED,0:00:03.757400,8.669123333853828e-05,9,0.8752063714115428,0.7651260845363845
121,5.950305421720259e-06,COMPLETE,0:00:13.832625,0.00021241202396334843,9,0.8359340323295422,0.78624809833247
122,3.5167656733392505e-06,COMPLETE,0:00:15.614803,0.00015925087408114613,8,1.1438993668196888,1.5331554549496416
123,2.5918545816239202e-06,COMPLETE,0:00:17.684843,0.00015509402568840322,7,1.2789147919289698,1.5501564867790392
124,1.8146613660980673,PRUNED,0:00:00.623510,0.0002220341566880001,22,1.1560666744361079,1.2539223446018566
125,1.9175359924634299,PRUNED,0:00:00.392267,0.00019684243402320648,25,1.1179948542566294,1.5481303434751272
126,1.9147056798140207,PRUNED,0:00:00.402737,0.00020969333196139324,25,1.1549802292644655,1.5481025033772426
127,0.7094209131694609,PRUNED,0:00:15.714591,0.00022402909043151389,4,1.1596558028774164,0.27734370646319423
128,2.477959469615598e-06,COMPLETE,0:00:23.958449,0.00015403066773412002,5,1.2091843871794994,0.3320880335481547
129,0.9252391572120369,PRUNED,0:00:11.115278,0.00014106929267370075,4,1.0928710591376092,0.9268797268004858
130,1.9437101846155913,PRUNED,0:00:00.305704,7.038839418761639e-05,33,1.1869058687868843,0.3283300463264225
131,2.3885747850727057e-06,COMPLETE,0:00:08.478926,0.00014658357009221344,15,1.0886012832177179,0.10545636476202624
132,3.1306763048633e-06,COMPLETE,0:00:09.772202,0.00015110621889383906,13,1.2898370883972938,0.11057472102690495
133,2.9675434234377462e-06,COMPLETE,0:00:09.370529,0.00016795873355929396,14,1.0782333966996605,0.2796032249917343
134,1.9523401771272932,PRUNED,0:00:00.100610,4.1275032116659206e-05,229,1.2677261860721412,0.11740841178633311
135,2.6700738544604974e-06,COMPLETE,0:00:10.054456,0.000162280881960789,14,1.2197961604211651,0.27776205665436593
136,1.1544709019763495,PRUNED,0:00:01.867692,0.00016849344953003142,16,1.0514869820384196,0.2881702257311931
137,11.282558334879129,PRUNED,0:00:00.345737,0.002958026813720541,18,1.0133582411390976,0.26143324130093604
138,2.1416865322324963,PRUNED,0:00:00.096355,0.0001473814604866998,172,1.0520525749761591,0.1073155305689857
139,0.4920418641277563,PRUNED,0:00:06.419558,0.00016132481952770697,14,1.0911180135660743,0.1650187284176831
140,6103.369784156161,PRUNED,0:00:00.401749,0.06873751504530577,12,1.1055036307720454,0.165751432924214
141,1.9430417862344296,PRUNED,0:00:00.345899,5.302119499709913e-05,32,1.2021785039246105,0.16004956714433177
142,3.6075546466387234,PRUNED,0:00:00.083015,0.0004247445440928437,117,1.2140486357893236,0.21379592282030374
143,1.9458855504081363,PRUNED,0:00:00.329467,2.2889574856956993e-05,36,1.1702719950158091,1.7924310064201345
144,2.005578194345747,PRUNED,0:00:00.058831,6.583690776010104e-05,218,1.349734949156515,1.7986852460943266
145,1.9493399177278792,PRUNED,0:00:00.121032,2.299478729403562e-05,245,1.1728728211377262,0.10607465006733403
146,2.1207696944475174,PRUNED,0:00:00.076022,0.00012380716906274967,187,1.241130275718784,0.2708592792642006
147,2.044408019851236,PRUNED,0:00:00.240655,0.00032648356306831845,22,1.0776606563622015,0.147468596575284
148,2.0895193070173264,PRUNED,0:00:00.062626,0.00012169189433700643,200,1.076022424688817,1.106857633934256
149,1.9028128473197712,PRUNED,0:00:00.491838,0.00022272459441898692,22,1.1365372828604938,1.9953231309520643
150,1.9363373921198004,PRUNED,0:00:00.502627,7.785687806591016e-05,22,1.1353638052752968,0.1611216207180073
151,2.045795799338299,PRUNED,0:00:00.422160,0.00024643510898496643,13,1.2973362798303378,0.22406384375746083
152,1.9108184945583344,PRUNED,0:00:00.652262,0.00012087251123127245,15,0.5920168234617661,1.0193635824889509
153,1.9137453558770092,PRUNED,0:00:00.582618,0.0001335504512097272,17,0.6122598841682358,0.4966466620974225
154,2.049961903515984,PRUNED,0:00:00.100177,0.00016241245156581923,92,0.5919392965705655,1.0224628332718875
155,1.915024826603551,PRUNED,0:00:00.611966,0.00012277971714459742,16,0.6148232389847117,0.9377482656549467
156,2.280931661526362,PRUNED,0:00:00.079218,0.0003753505614778867,132,0.5129597652325693,0.1950267998748784
157,2.350788735291537,PRUNED,0:00:00.447629,0.0005294965194430891,11,1.1030188773419893,1.6931506675329397
158,2.4062724151008297e-06,COMPLETE,0:00:15.884452,0.00017935588826882605,9,1.108553430046201,1.6992722340395094
159,0.8857195465356712,PRUNED,0:00:04.225731,0.00016535476835581958,10,1.1001789395513706,1.6015539844813396
160,1.0101929188651197,PRUNED,0:00:03.181476,0.0001731782117508454,11,1.2749766671917615,1.581894814992406
161,1.9392146055514996,PRUNED,0:00:00.348357,8.2566627183757e-05,29,1.2958270987934057,1.62397484671963
162,2.762573509380735,PRUNED,0:00:00.221618,0.0006992255549120883,26,1.2607325517489194,0.3521012563776383
163,5.607241348932253,PRUNED,0:00:00.448596,0.0020947293222942226,10,0.9771250358771828,1.449749182944848
164,2.1563036839167276,PRUNED,0:00:00.092365,0.00016469046231010553,126,1.347259342524737,1.7312542172534757
165,2.4332639412446455,PRUNED,0:00:00.074326,0.0002836886644729051,145,1.226562006833894,0.13172024275860894
166,1.9025547791130935,PRUNED,0:00:00.609137,0.000186204620994351,19,0.6773709746443412,1.5793465657308974
167,1.9063321002324423,PRUNED,0:00:00.455823,0.00018804503051033262,20,1.031129463850997,0.23489063802969204
168,0.7799231104392518,PRUNED,0:00:18.353635,0.00017866922237569312,4,1.027338008168755,0.2436444410529599
169,0.7710673190618345,PRUNED,0:00:06.852431,0.0001502885961841722,7,0.5704341991315862,0.31697247799495454
170,3.0503156303718524,PRUNED,0:00:00.560186,0.0016233631171847754,8,0.5632230313579758,0.187536645602145
171,5.450840981250786,PRUNED,0:00:00.509305,0.0016186330479132046,9,1.12032852602968,0.30258568297645266
172,2.019265664475305,PRUNED,0:00:00.232609,0.00024831042410591734,27,0.9469160864110429,1.8625633395505043
173,0.8835434931260283,PRUNED,0:00:11.791231,0.00011313200643734388,4,1.1209035601096136,0.2938237162073257
174,25.051481509820007,PRUNED,0:00:00.160344,0.00254127613873771,39,1.123425325309635,0.31925053469023723
175,1.9407877830358653,PRUNED,0:00:00.331193,0.00010779673672739828,39,0.7962774191948512,1.4839278470006172
176,0.9995302279149333,PRUNED,0:00:07.646735,8.965082171317185e-05,4,0.5725996729989433,0.40666552026322916
177,1.9341009514672416,PRUNED,0:00:00.129370,4.815988293069918e-06,237,0.639462798836596,0.417598864840224
178,1.0004606508119132,PRUNED,0:00:08.861276,9.094858806182936e-05,4,1.2082396627232073,0.39944445745192103
179,1.9299209321087056,PRUNED,0:00:00.569580,8.90710515710158e-05,17,1.2547511678756504,0.23529919819732753
180,2.4386533823417267e-06,COMPLETE,0:00:26.420815,0.00013065747111290707,5,1.2093476574392998,0.2530446406148467
181,1.448667926974194,PRUNED,0:00:11.510253,0.00023301695217838297,4,1.1905327611605514,0.36757877641343306
182,2.063091362676313,PRUNED,0:00:00.193855,0.00028993845500008167,24,1.1849474147979953,0.35548345036477874
183,1.3297566345302008,PRUNED,0:00:07.634032,0.0003450496230731532,4,1.2135323742018118,0.2527281623996145
184,1.5229544559473633,PRUNED,0:00:06.071321,0.0003623975601596842,4,1.2070834456593602,0.2534840206584518
185,3.0396995226542156,PRUNED,0:00:00.189728,0.0003617344663015992,102,1.2394371043484407,0.23286961897248584
186,2.0225015020370485,PRUNED,0:00:00.339353,0.00022310405816823565,15,1.2143409973689547,0.27180358269379934
187,2.107200561685765,PRUNED,0:00:00.191496,0.0002482395225858922,32,1.1743548855281578,0.4792167068868163
188,1.9174233418638988,PRUNED,0:00:00.601194,0.00012622970943784438,16,1.2947678372086033,1.2007256378119529
189,2.1533695608377457,PRUNED,0:00:00.061524,0.00013149079388613872,207,1.325581559735652,0.1974544098077921
190,1.9247803118299036,PRUNED,0:00:00.842483,6.959238248946e-05,11,1.1993676233207367,1.4248702509027935
191,1.9266033414043957,PRUNED,0:00:00.519552,0.00011532751728933114,19,1.1640199329309593,1.2970811500644155
192,1.9918752757596299,PRUNED,0:00:00.234768,0.00019441778667658374,21,1.1683723583191024,1.6783000475833971
193,1.992786799805074,PRUNED,0:00:00.271788,0.00020513245251156293,19,1.1449204391972645,0.13670502491023742
194,2.079189726125414,PRUNED,0:00:00.342594,0.0003314435922090518,14,1.0586033130876022,1.7456144762585277
195,3.0281304478645326,PRUNED,0:00:00.070230,0.00032813888938310515,158,1.1881357884979813,1.6464630748854252
196,3.698248545328776,PRUNED,0:00:00.072999,0.00043941472684614323,177,1.0767955106494733,0.10635686521479629
197,193.9756754040718,PRUNED,0:00:00.063727,0.003908167891353679,250,1.2290590893571227,1.926881961479911
198,1.889880020722099,PRUNED,0:00:00.766159,0.00014877193096300036,13,1.2256579662905829,1.9182342526070622
199,1.1789056428017155,PRUNED,0:00:01.893779,0.00014585961149867483,12,0.7059008949781378,1.077239573845539
200,1.023546481692551,PRUNED,0:00:03.329533,0.00014949961029276626,10,0.5000227407725862,0.20070349296603582
201,2.0078934816753162,PRUNED,0:00:00.506607,0.0002442281211455654,11,0.9043925930071903,0.20205439308296974
202,1.180705104143389,PRUNED,0:00:01.793218,0.0001447360755345113,12,0.5022776597398426,0.3565758227930477
203,1.923138848666487,PRUNED,0:00:00.446518,0.00016826537384095566,26,0.5449769516897462,0.15525316157854227
204,1.9234833114118461,PRUNED,0:00:01.033177,5.304069187996576e-05,9,0.5045612362348038,0.17728411030575192
205,2.615791808050799,PRUNED,0:00:00.528458,0.0011916673980944086,9,0.5277204035658517,0.10205465831099675
206,1.9416208056842579,PRUNED,0:00:00.434865,4.371396259281341e-05,22,1.1385832944791563,1.386941979520546
207,1.913526171904344,PRUNED,0:00:00.431160,0.00018652644071174,23,0.5215016618718827,1.3957967393802007
208,2.726796537899645e-06,COMPLETE,0:00:13.952723,0.0001806376182138133,9,1.1494629101952274,1.5113086892108414
209,2.1244562589205227,PRUNED,0:00:00.084834,0.0001807745054960708,121,0.733252104824128,1.4912017492838125
210,1.183555049931302,PRUNED,0:00:02.064575,0.00014075352170684496,11,1.1419226813176455,1.532572818156616
211,2.018890391696583,PRUNED,0:00:00.076010,0.00011173953013689414,137,1.1414892511601649,1.555066296109962
212,2.174466089854832e-06,COMPLETE,0:00:13.778608,0.00019137664430001752,9,1.1166505920490124,1.5028262603852307
213,2.994406170155629,PRUNED,0:00:00.591901,0.0009115556385370954,9,1.1034320239368351,1.51947487918894
214,1.9184102619236165,PRUNED,0:00:00.720619,0.00012828983133932902,17,1.109280668254216,0.8458545562775873
215,1.904589147567749,PRUNED,0:00:00.653147,0.00014216299800165559,15,1.0025138600207963,1.6312910275655321
216,2.0327979136597025,PRUNED,0:00:00.301055,0.0002630052949166849,17,1.1521034648723636,1.6448750862138706
217,1.9302206909656525,PRUNED,0:00:00.703239,7.750859344414623e-05,15,1.159377082306075,1.6481810021131438
218,2.002389157259906,PRUNED,0:00:00.217800,0.0002070064953937241,28,0.5487505619359969,0.21888539513775637
219,2.8267591005715076e-06,COMPLETE,0:00:09.025682,0.00017668432538383048,15,0.8210035867890879,0.2844935731557683
220,2.4139135820525035,PRUNED,0:00:00.085406,0.0002788103480467778,113,0.8230171674968932,0.14359746602125156
221,1.9237262034416198,PRUNED,0:00:00.338680,0.00018281788687084594,30,0.5367758487157491,1.514122292379961
222,1.957081743649074,PRUNED,0:00:00.100506,8.517436765637267e-05,230,0.5344473414227908,0.3269001853807574
223,1.9859335841955963,PRUNED,0:00:00.212069,0.00010753480461851272,28,1.2789351005889258,0.29627667787037937
224,1.9314022397293764,PRUNED,0:00:00.458635,0.00010889723880210378,22,1.2813793799819295,1.5363641474873515
225,1.9459162113514352,PRUNED,0:00:00.344298,9.940068722018944e-06,32,0.5897088249154103,1.1284762274048972
226,1.7279351917902628,PRUNED,0:00:00.703637,0.00023542553619253893,20,0.5873782795581735,1.8261280481812565
227,2.2757667132786343,PRUNED,0:00:00.064512,0.00024050529352245674,217,0.582025230347168,0.1684652570161706
228,3.671618084112803,PRUNED,0:00:00.116456,0.000667183403695879,50,0.6625380481991283,0.2595461311808936
229,2.776829367876053,PRUNED,0:00:00.093906,0.0005015597638356472,75,0.6290208716124452,0.2126704103292445
230,2.798159748315811,PRUNED,0:00:00.090605,0.0004520973146275091,93,0.6213149749529112,0.20887218004426122
231,2.0696132357915245,PRUNED,0:00:00.254265,0.0004471447456545108,20,0.6176324885902549,0.21957605693430565
232,5.548736726663199,PRUNED,0:00:00.257417,0.0023219818715756353,18,0.6624616656642262,1.4547422500855014
233,15.729666762492236,PRUNED,0:00:00.152497,0.002183339049708215,45,0.6436482913968636,0.2829501421611206
234,2.0040070814422415,PRUNED,0:00:00.246615,0.00030978075510480323,19,0.6779820258587366,0.628511890497725
235,2.0078383850794967,PRUNED,0:00:00.532933,0.00029227817708594496,8,1.2508089032815752,0.12899028220982448
236,3.0769306249567308e-06,COMPLETE,0:00:15.212899,0.00030705813677276865,8,0.8546098070654788,1.5900489076585969
237,2.0276902137986768,PRUNED,0:00:00.539615,0.00029022188886546063,10,1.2474391458122154,0.13557019219295585
238,2.0117621005781543,PRUNED,0:00:00.456315,0.0002834814833952764,10,1.122216281890499,0.14221762903670765
239,4.484586042963201e-06,COMPLETE,0:00:09.142359,0.0001948040580323749,15,0.54898341148872,0.16932293236492227
240,2.26019909646776,PRUNED,0:00:00.090666,0.0002061106501879276,83,1.121771019582912,0.17764840035374788
241,2.6141826765524456e-06,COMPLETE,0:00:09.477238,0.0002014575621353216,14,0.5460743869929036,0.18421492977047188
242,1.9224728604157766,PRUNED,0:00:00.415335,0.00016374914546803584,25,0.5437577768517722,1.592789837377523
243,2.2615684121847153,PRUNED,0:00:00.060907,0.0002027941876547743,192,0.8573821559251579,0.2569155916081765
244,1.9454016907270564,PRUNED,0:00:00.321313,1.8619550994655517e-05,35,0.7552326865240556,0.18327603890823985
245,2.0170754517350242,PRUNED,0:00:00.322175,0.0003697138495126827,14,0.5605432536574444,0.3164390002470467
246,2.232571244239807,PRUNED,0:00:00.060851,0.00016181933519974202,242,1.0877638918495705,0.23317483279774065
247,1.9139260625839234,PRUNED,0:00:00.597226,0.00012540315083786507,15,1.3097929996313844,1.0268964654668151
248,7.0525418736717915,PRUNED,0:00:00.099816,0.001592449724750951,69,0.7195613301910048,1.354129369562789
249,10.049783044391209,PRUNED,0:00:00.117076,0.0014731060972901363,57,0.7760522011292458,1.4757130665112825
250,7.588485285639763,PRUNED,0:00:00.111006,0.0013560536800135102,64,1.1730031278510533,0.9607140077659234
251,108.37508989108001,PRUNED,0:00:00.585966,0.021990802751476555,7,0.531023205466975,1.1965671789716574
252,2.8204186140933882,PRUNED,0:00:00.309410,0.0010244764337465633,14,0.7936085458326471,1.2594030665542626
253,7.489837007657174,PRUNED,0:00:00.951481,0.003213273304573639,4,0.9489883411281592,0.1766432696751105
254,4.503574311733246,PRUNED,0:00:00.072750,0.0008167582286706129,151,0.558295436219045,0.10298050337264245
255,1.9080804105727904,PRUNED,0:00:00.415616,0.00022196949916335876,24,0.7335652400062953,0.27676554288898364
256,4.212230285008748,PRUNED,0:00:00.056702,0.000551851272506748,256,0.6903390742470811,1.5736541949414151
257,2.017026424407959,PRUNED,0:00:00.072632,0.0001715998029697874,128,0.5186323520516518,1.0451477635925597
258,2.022172549191643,PRUNED,0:00:00.096017,0.00012188413953194733,88,0.7652985353021224,1.708308227855799
259,0.99617814479104,PRUNED,0:00:03.144216,0.00015388918805371818,9,1.1348025206912662,1.3078132112790222
260,1.8865731052149122,PRUNED,0:00:00.642317,0.0001596106988612088,14,0.8049749691377623,0.35625319881918316
261,0.897272333662997,PRUNED,0:00:05.301301,0.0002111219726197429,8,1.175754463308063,0.2512137690939859
262,1.9864454824816098,PRUNED,0:00:00.322856,0.00022294929134777602,17,0.8329827207969814,0.24224449201097398
263,1.9329361395097115,PRUNED,0:00:00.428868,9.519004971653212e-05,21,1.1863571874960175,0.3010371572458088
264,0.9937925355535158,PRUNED,0:00:05.834483,0.00025526605638873833,7,0.9017100076538924,0.19949311229545916
265,1.94568372964859,PRUNED,0:00:00.115337,1.0420566306919498e-06,164,0.8961913112441316,0.21451605541345645
266,0.4060563811211176,PRUNED,0:00:12.837275,0.00026107206233082566,8,0.8772009075415873,0.19720247878998992
267,1.0949482469148533,PRUNED,0:00:03.145063,0.00013426506826032648,8,0.8790874457235528,0.24738739770955842
268,0.8370226353246678,PRUNED,0:00:10.279437,0.00012961042123815506,4,1.200089753021405,0.33673442583865715
269,0.5492739157891402,PRUNED,0:00:20.419923,0.00013604835291496732,4,1.1643687970027443,1.5070916185362206
270,0.9003990994345757,PRUNED,0:00:09.923785,0.00013327321916247923,4,1.1675191917529595,0.43942321676527063
271,1.0316384523706947,PRUNED,0:00:04.930303,0.00010787670818463692,5,1.155574190534403,1.4489745453955722
272,1.0369768270882227,PRUNED,0:00:06.149189,0.00010125562687798595,4,1.151026802743451,1.4877447750519899
273,1.9048535554639754,PRUNED,0:00:00.713695,0.00010755166828746119,12,0.8560873245369306,1.4372847765372536
274,1.0452194012263243,PRUNED,0:00:02.271894,0.00017850592994828393,11,0.8381956265585393,1.5008896131325757
275,0.903657094044711,PRUNED,0:00:10.005739,0.00018050499806520514,4,0.835730227457551,1.5145190202746717
276,22.4717473310809,PRUNED,0:00:00.963090,0.005334493530095088,4,1.201386545410435,1.6054641479496534
277,1.8909542527154228,PRUNED,0:00:00.637283,0.0001525904219023742,14,0.8126255212262797,1.535931137964224
278,2.1578096449375153,PRUNED,0:00:00.069857,0.00014703180101417594,203,1.1074127582228908,1.551265126853907
279,2.0010983565143334,PRUNED,0:00:00.333266,0.0001872539263275625,14,1.3523439535874118,1.5682273369751085
280,0.9015002852325799,PRUNED,0:00:14.758189,0.00023192102924734405,4,0.7882996451422845,0.3199361838894502
281,0.9823003245457527,PRUNED,0:00:10.047735,0.0002152736504791823,4,1.0896822993788398,1.6686466228303147
282,2.0110323388468134,PRUNED,0:00:00.271609,0.00023969965745193806,17,1.0662461824779903,0.43815941552657045
283,1.9398914303555586,PRUNED,0:00:00.869485,2.6843918608790475e-05,10,1.2187900758026167,0.3310697142044166
284,2.020103962982402,PRUNED,0:00:00.394241,0.00021817872123110595,11,1.225282966316544,1.6143888638540629
285,1.9057933807373046,PRUNED,0:00:00.492330,0.00018723201015988412,20,0.8240391404572985,0.3761174869259282
286,1.9294957029819488,PRUNED,0:00:00.639297,7.90517717940286e-05,15,1.089200554789637,0.29705715595593424
287,1.90356671333313,PRUNED,0:00:00.493014,0.00019358213845556898,20,0.7925387886388378,1.6633812466158957
288,2.041532561343203,PRUNED,0:00:00.318570,0.000274507881175585,16,1.096761755307831,0.297525542092435
289,1.9827869994528342,PRUNED,0:00:00.439316,0.0002718003309691941,10,0.8581453497437553,0.15139254102561617
290,2.382515182861915,PRUNED,0:00:00.088421,0.0002618476404276949,121,0.8577901377640227,0.14749393866411592
291,7.049492290904445,PRUNED,0:00:00.374700,0.001868668983797067,12,1.131389131624256,0.15288884168279257
292,2.0191307715921596,PRUNED,0:00:00.417506,0.00033332775935625324,10,0.9795871643692579,0.11090419959881422
293,1.9525845306260246,PRUNED,0:00:00.133390,6.096966397407265e-05,108,1.182498225407865,1.5119920054572833
294,1.9262384752432504,PRUNED,0:00:00.404689,0.0001560761648247877,25,1.1788567860124317,1.5051513530857341
295,1.9891521398510252,PRUNED,0:00:00.197568,0.0001635170944161248,27,1.2616292598915206,1.5043510775482225
296,1.9264691531658173,PRUNED,0:00:00.394768,0.00015382064027845063,25,1.1277269174536835,0.5424293740157949
297,1.9291138685666598,PRUNED,0:00:00.403690,0.0001251154920631552,23,1.1194366034183967,0.39162142764220764
298,1.9501545088631767,PRUNED,0:00:00.102652,3.7489267223069694e-05,224,1.1225391941680047,0.8829223908327941
299,1.9255404200734971,PRUNED,0:00:00.510480,0.00012064900828248802,19,1.2379201994104454,1.5833279525599848
300,1.923903621037801,PRUNED,0:00:00.499116,0.00012895301352866366,20,1.0355527576136287,1.753340092034317
301,2.127296765645345,PRUNED,0:00:00.058229,0.00011751332708182256,251,1.0531571903710006,1.7761301268051408
302,1.9981196089224382,PRUNED,0:00:00.304131,0.00020539242641422266,17,1.1555465631478599,1.5930773185539893
303,1.9307095228907574,PRUNED,0:00:00.497874,8.824159141911356e-05,18,1.1607308649339267,1.586964126391749
304,1.919323992729187,PRUNED,0:00:00.691668,9.650873901177516e-05,13,1.4332205934269835,0.2655337274879312
305,2.9257311480385915,PRUNED,0:00:00.073702,0.00035336340097743196,235,0.7890806163803119,1.6888616585600011
306,2.0869302638223237,PRUNED,0:00:00.354646,0.00040173059091647037,14,0.8158043031835943,1.9831185625339256
307,1.8930001598532482,PRUNED,0:00:01.096086,8.483159373428671e-05,8,0.8148616173300096,1.8847055297467858
308,0.8031109582672837,PRUNED,0:00:05.785561,0.00020340865502750346,8,1.0761947405090482,0.23149224954709957
309,1.944457333490073,PRUNED,0:00:00.991755,1.4002368215867487e-05,9,1.3036673629195814,1.8837379401944034
310,3.910317900590599e-06,COMPLETE,0:00:22.395779,0.00019558554316398654,7,1.1986642855763348,0.22671310505581965
311,2.489462076482596e-06,COMPLETE,0:00:19.873498,0.00019586358029595233,8,1.19511594987141,0.22105809515805375
312,35.288108656803765,PRUNED,0:00:00.083382,0.002514779392814481,135,1.199972766707512,0.22810754162652608
313,2.3512813647588096,PRUNED,0:00:00.070465,0.00021113229541013198,174,1.0844665757086371,0.10309115781218346
314,2.163292743942954,PRUNED,0:00:00.076249,0.00018111976977426715,144,1.3368722726838604,0.7369200000003803
315,2.631866209412692e-06,COMPLETE,0:00:18.970369,0.00022476578750049806,7,1.1473868326926917,0.1885892061646255
316,38.34391979352537,PRUNED,0:00:00.471749,0.00701296517319985,9,0.9622264022412466,0.27227371143544726
317,2.018041327725286,PRUNED,0:00:00.326080,0.00022821816098781314,13,1.137324880602463,0.18502886040488567
318,0.8123348281588606,PRUNED,0:00:11.893591,0.00014709479709335035,4,0.7552023856976195,0.3260318090303358
319,1.9318690825534124,PRUNED,0:00:00.731952,6.978139714014072e-05,16,0.7527107910102375,1.4210064265057767
320,2.123688050678798,PRUNED,0:00:00.168549,0.00015027044797721585,245,0.7500245894074852,1.4203911068229809
321,1.9342904782295227,PRUNED,0:00:01.656423,6.456308212511713e-05,15,1.268704029697201,0.36300034583775426
322,2.1273420969645183,PRUNED,0:00:00.098618,0.0001496210376510359,102,1.1852655421589555,0.3557188585856161
323,2.01716410284457,PRUNED,0:00:00.401431,0.0002556617226879784,13,0.9373984394764335,0.32471121495693017
324,2.0706127368486844,PRUNED,0:00:00.247221,0.0003133071293214321,23,1.283643386375767,1.5529242823883078
325,5.778201585495344,PRUNED,0:00:00.620355,0.001984786996186998,8,1.0148524199904176,0.18099860883293742
326,2.0539246052503586,PRUNED,0:00:00.073608,0.00010295497527828347,187,1.1032366774792743,1.462853973021863
327,1.9459822110591396,PRUNED,0:00:02.452239,3.4481393494313884e-06,4,1.1111228499284893,0.13883594302348484
328,1.9479786799504206,PRUNED,0:00:00.162591,3.2033618378317237e-06,115,1.1444828759518029,0.1394826253162658
329,2.008114604239768,PRUNED,0:00:00.182216,0.00017650794722500875,32,0.9100997655467538,0.27172024095152947
330,1.922220869064331,PRUNED,0:00:00.531986,0.00013829971084682158,20,1.2140517086140927,0.2099329301784954
331,2.032647685658547,PRUNED,0:00:00.377821,0.0002447016633375484,12,1.2094489593170588,0.19908846097603744
332,2.0446724742650986,PRUNED,0:00:00.371133,0.0002552919665752286,11,1.1824494876378926,1.6318008296163107
333,3.6007532965053213,PRUNED,0:00:00.273686,0.0010957643368932246,17,1.2374022192889407,0.13732027995151064
334,2.4135356068611147,PRUNED,0:00:00.067489,0.00032397217076255656,155,0.5206068483428601,0.10060119143325874
335,9.01399963116774,PRUNED,0:00:01.019234,0.002943425404950877,4,1.3779202610807633,0.29204412757422704
336,2.0012658865828263,PRUNED,0:00:00.172891,0.00011008290981456362,40,1.1061771774705211,0.2975496048798731
337,0.6516208476437035,PRUNED,0:00:20.100005,0.00017613531582531125,4,1.1434038050777962,0.25584225858719234
338,2.285199318613325,PRUNED,0:00:00.056755,0.00017390075934426905,219,1.1370407063607806,0.24621510279772618
339,1.945837378501892,PRUNED,0:00:00.110208,6.228833203285347e-06,197,1.1643872377995195,0.5930129427705382
340,2.292686888465175,PRUNED,0:00:00.178926,0.0003979876009572603,28,0.8864607749405533,1.8309817751561241
341,2.2367829254695346,PRUNED,0:00:00.069203,0.00018356188777685287,213,0.870633321834522,0.41211185537347866
342,2.283354781292103,PRUNED,0:00:00.201872,0.000394434268939496,28,0.8788058608797125,0.17392464983256256
343,1.931529918542275,PRUNED,0:00:00.359724,0.00012511544558089024,29,0.6024213386991589,0.46894498035316245
344,1.9264133916774266,PRUNED,0:00:00.444890,0.00012574789359010412,21,1.0584172036259356,1.5582209595339913
345,1.9214853863172894,PRUNED,0:00:00.532686,0.00013545808124048437,19,1.1944389046527848,0.4749119073956147
346,4.15696781453952,PRUNED,0:00:00.235829,0.0013341101171624873,21,1.0666364615788788,0.22409998082871857
347,1.9128882711933506,PRUNED,0:00:00.713555,9.348124857991029e-05,12,0.8480232741898187,1.7149457709227285
348,2.0172507081712996,PRUNED,0:00:00.064761,9.267368557796084e-05,230,0.8404021504084412,0.16912087157131392
349,1.0803253979367369,PRUNED,0:00:02.363635,0.0001658720610291322,11,0.5585552016999196,1.462060194954794
350,1.9836722131698363,PRUNED,0:00:00.388112,0.00016564827215758766,12,1.2322574792138838,1.7276365572675076
351,1.9852088165570454,PRUNED,0:00:00.486178,0.00019233985633693244,9,1.124681059873273,1.4687063033567205
352,2.0819121301174164,PRUNED,0:00:00.099265,0.00020716016601889065,77,0.5633431157820534,0.2616336108373897
353,2.012675678217283,PRUNED,0:00:00.521419,0.00030182257723951165,8,1.2574531788926584,1.4752923027735323
354,1.9374700682137602,PRUNED,0:00:00.543356,5.31924713116159e-05,16,1.2590595325430685,1.6081789930915489
355,2.081801454226176,PRUNED,0:00:00.073246,0.00016011002126503586,125,1.1464524621833332,1.6279623310688294
356,1.9887027036059985,PRUNED,0:00:00.266610,0.00023971770031157183,17,0.7724149007905818,0.681609248020788
357,1.9425032754098215,PRUNED,0:00:00.539548,3.044020634942226e-05,16,1.3214414683457663,1.547332899447891
358,2.0093791782855988,PRUNED,0:00:00.070363,0.00010746014869482959,130,1.1619758800972317,1.3743404527403356
359,1.8704660115034684,PRUNED,0:00:00.658779,0.00017116390148342974,13,0.9884056033636932,1.547883065061589
360,1.997668686401413,PRUNED,0:00:00.541750,0.000511205660634244,9,0.514663214956117,1.9587233276055553
361,1.903755526388845,PRUNED,0:00:01.109122,7.490950213376893e-05,8,0.8114175721250062,0.2080645167407652
362,68.7804125547409,PRUNED,0:00:00.100148,0.003918685299560535,97,0.8095873127361771,0.19246975595533747
363,3.141071828928861,PRUNED,0:00:00.083434,0.0007006766567334146,141,0.5085840443609818,0.3264693862010123
364,1.9469120814250065,PRUNED,0:00:00.445177,1.0641383049158353e-05,23,1.198413067476099,0.272944922854618
365,2.905552479955885,PRUNED,0:00:00.067476,0.0003081900375715603,182,1.1888082718085837,0.23869043202920776
366,7.252113821045045,PRUNED,0:00:00.225265,0.0018384089854894133,24,1.2163648893746566,0.15650420711172264
367,2.48925827230726,PRUNED,0:00:00.070050,0.00021908992357672376,241,1.141329166196418,0.2812110053633167
368,1.0893227682318738,PRUNED,0:00:03.099368,0.00012542628982523447,8,1.1094791897734881,0.10455529055751644
369,1.8948225141853414,PRUNED,0:00:01.075861,8.153880076433298e-05,8,0.7089025567093791,0.3838369090370008
370,1.9124498751855665,PRUNED,0:00:00.564087,0.0001319424858906902,16,0.702624573914342,0.10294996784551634
371,1.9925651707000016,PRUNED,0:00:00.643962,0.0002556168486664187,7,1.297851343661609,0.40285895361319923
372,2.498806129802357,PRUNED,0:00:00.076867,0.0002672069537575749,148,1.1681739899405104,0.33960119951992895
373,0.8169397509066008,PRUNED,0:00:13.155158,0.0001460048529701746,4,0.5365885085142255,0.15447190894113408
374,1.994584931568666,PRUNED,0:00:00.157665,0.0001126259149768227,34,1.2905786255332268,0.14157123956514206
375,1.9447529816627502,PRUNED,0:00:00.631115,1.8397099082279074e-05,15,0.9236238830967429,0.2261862841698214
376,2.1461110290359047,PRUNED,0:00:00.144859,0.0001805685653313991,45,1.1065557655549378,0.23005141728757478
377,2.208722472190857,PRUNED,0:00:00.061075,0.00021192420898416192,248,0.5394086490884661,1.6576128998144926
378,1.9002328854854975,PRUNED,0:00:00.979159,0.0001421414241809096,14,1.0929283763327324,0.18062555469324038
379,7.9598745234807335,PRUNED,0:00:00.408380,0.00250813881770805,20,1.0414433474606952,0.1714012961691193
380,1.8827222502749899,PRUNED,0:00:01.564744,0.00014526124971874036,13,0.6456938265903545,1.5901982329989905
381,2.1573457452985974,PRUNED,0:00:00.144212,0.00019568122894253186,166,0.6453828288769798,1.527905049519429
382,2.0291883697445763,PRUNED,0:00:01.100657,0.0003156451620750914,10,1.1337104390902801,1.5804723081854217
383,2.1210286672298726,PRUNED,0:00:00.255600,0.0003413285340265728,23,1.4884974140825369,0.808666148207287
384,4.345591195769932,PRUNED,0:00:00.325255,0.0012912131946021294,13,1.1309150528305167,1.5819262322586185
385,1.9110940134668926,PRUNED,0:00:00.615186,0.00015826095558160562,18,1.2282879143857548,0.28693220254509155
386,1.0560838640216859,PRUNED,0:00:06.697574,9.677194259244104e-05,4,1.1670353202826667,0.5162936669946189
387,0.5958862936384576,PRUNED,0:00:25.163018,0.00020883096798580088,4,0.5783193100126324,0.2592103301178641
388,1.9853209257125854,PRUNED,0:00:00.082017,9.617711833379e-05,119,0.5819445415530459,0.13563455652319678
389,3.448250639182265,PRUNED,0:00:01.105396,0.0015921242406480999,4,1.1658361873336138,0.1882371360497881
390,2.1964627623558046,PRUNED,0:00:00.142028,0.00022874473877676358,51,0.7858774798643867,0.24411383221945146
391,2.153726916159353,PRUNED,0:00:00.218776,0.00046169023802691774,24,0.8327326619067732,0.2650090833534634
392,3.148080506956721,PRUNED,0:00:00.274553,0.0009681140456825494,18,1.1784634810750185,1.401741841585648
393,1.0176137201738038,PRUNED,0:00:02.435206,0.00019360091646741825,10,1.1485167638577176,0.3562989170719211
394,0.9942276448972763,PRUNED,0:00:07.089725,0.0002767449098027136,4,1.1563766595345555,0.2190970635582098
395,2.2419844440051486,PRUNED,0:00:00.076821,0.00018625689942539412,110,1.149459136465716,0.3236125393475924
396,0.4053023428686203,PRUNED,0:00:13.194442,0.00022716635184811567,8,1.172805603961012,0.25068243395196593
397,1.9864062272327048,PRUNED,0:00:00.665007,0.00026562972949515214,7,1.1908273699886942,1.3461833878977871
398,1.289830107922836,PRUNED,0:00:06.070954,0.00026293453345191034,4,1.1778181068127687,0.29461077805451397
399,1.9069586376990042,PRUNED,0:00:00.737832,0.00010947471810382486,12,1.1725612220730126,0.2899225369224475
400,1.2836782621440066,PRUNED,0:00:05.827158,0.00026486093953523586,4,1.11520057580587,1.8081358812345365
401,2.0173960040850814,PRUNED,0:00:00.470586,0.00023937047759722192,9,1.2139559194361658,1.4915296322050804
402,2.1788968642552695,PRUNED,0:00:00.064270,0.0001384982086532618,256,1.1209911625065383,0.2164853333367565
403,1.165986858388429,PRUNED,0:00:19.295730,0.00016728034791919192,4,1.082638198502724,1.6848405482396362
404,7.7690239643382135,PRUNED,0:00:00.326966,0.0021668909912835516,14,1.088458356341208,1.6689400383637132
405,1.7362792664157447,PRUNED,0:00:04.910847,0.0003697936288115514,4,1.2124296508133743,1.5278982265112377
406,2.0024197265025108,PRUNED,0:00:00.365898,0.00021005682980717013,12,1.122517630274328,1.4425352762276629
407,1.9815375845540653,PRUNED,0:00:00.286764,0.00016820519015112767,17,1.1847602958196626,1.2440778124064866
408,2.1075385643775206,PRUNED,0:00:00.506485,0.0004071638568564521,9,1.0130994339782915,1.6200108989007802
409,1.8900089535937212,PRUNED,0:00:00.879983,0.00011320536725620903,10,1.2411051446800587,1.625244907027123
410,3.035498097538948,PRUNED,0:00:00.065640,0.00036082415786892555,204,0.9564457495603568,1.8022903462636028
411,1.9245702264940037,PRUNED,0:00:00.754082,7.040825689402781e-05,11,1.2410041939135386,1.5249930048036648
412,1.9245797984207733,PRUNED,0:00:00.485524,0.00012402134483014625,19,1.2101572950848636,1.5323140964329807
413,1.9245257348899383,PRUNED,0:00:00.510052,0.00011371395028252036,18,1.2097105759789293,1.5274632163764728
414,1.9962847590446473,PRUNED,0:00:00.066606,6.551160457914677e-05,161,1.2131311499285933,0.1911647925681972
415,2.1026464700698853,PRUNED,0:00:00.069923,0.00012139104101850836,237,1.068627233460592,1.5183826795398039
416,2.0054763185977937,PRUNED,0:00:00.326629,0.00021256141783600985,15,1.0775520800790148,0.2589322701253765
417,1.9372751903533936,PRUNED,0:00:00.601613,4.8481965159559674e-05,15,0.8537798171349967,0.43001644146073215
418,2.001082802360708,PRUNED,0:00:00.273601,0.00021100622159812716,17,1.154897553978529,0.24992580777019271
419,2.3476506251555223,PRUNED,0:00:00.214023,0.0005861418014446723,23,1.1554421286231624,0.3719589237738322
420,1.9189486631980308,PRUNED,0:00:00.421891,0.00016993576548346076,23,0.8616893966684745,1.1661990267033429
421,1.9193410365020527,PRUNED,0:00:00.421187,0.00015912109465709133,22,0.8538697861130146,0.1949182347438556
422,2.1488862567477756,PRUNED,0:00:00.068553,0.000166304530259403,170,0.8607156833889267,0.179017654223952
423,13.864024021452472,PRUNED,0:00:00.371989,0.0032467442877155213,12,0.8994671406498886,1.9399005394021143
424,78.61463677883148,PRUNED,0:00:00.061616,0.002900783997814492,212,1.187231291637349,1.1700269348331807
425,1.0938288789467523,PRUNED,0:00:02.485400,0.00016329332928330772,10,0.7984308630206142,0.8560345238533545
426,939.2520988806184,PRUNED,0:00:00.484264,0.04329137395343982,9,0.8030558612642494,0.30376782347858117
427,392.3224950368146,PRUNED,0:00:00.475388,0.03502356949255349,9,0.6766997750876007,1.687721649307292
428,3.1596705402646745,PRUNED,0:00:00.058573,0.00032915518925702837,224,1.1336224397841834,1.9992317281697318
429,1.9334455872156533,PRUNED,0:00:00.878038,3.7758565667766e-05,9,0.8039066889493004,0.31394222015728507
430,3.913740178906774,PRUNED,0:00:00.473448,0.001744896429081445,9,0.612378429424541,0.22377581345635456
431,1.9067067231040402,PRUNED,0:00:00.924433,8.263239322423574e-05,9,1.0977774323210887,1.8663029119549261
432,2.4636500775814056,PRUNED,0:00:00.065796,0.0002276414584362002,187,1.0993620808668088,1.4837699832257951
433,1.9210960441660658,PRUNED,0:00:00.642720,9.323846791482543e-05,14,0.7696492161565162,0.1569205998654382
434,2.0870427886644998,PRUNED,0:00:00.089041,0.00015554505595485955,133,1.1982747831236893,0.157109820043988
435,1.9467767195035053,PRUNED,0:00:00.553665,7.389998106783268e-06,16,1.1364009030640667,0.8868715668934251
436,1.9464553642272948,PRUNED,0:00:00.584021,8.440224838967208e-06,15,0.7303092904154097,1.574560995472912
437,1.9982467142932385,PRUNED,0:00:00.268943,0.00020701485339420187,18,1.1339688538565709,0.3487614753921854
438,2.0244057090194136,PRUNED,0:00:00.182412,0.0002089943138662362,28,0.7357385984339084,0.3461098818175908
439,1.0370108603790242,PRUNED,0:00:05.711939,0.0002925393012535784,4,1.1722893809664372,0.2679570484657101
440,2.052606523791446,PRUNED,0:00:00.268014,0.0003005617954375852,19,1.171289856706995,1.5704919613154873
441,2.0492407270099804,PRUNED,0:00:00.334579,0.00029371456528372254,13,0.9944979992483471,1.5597135890948954
442,2.6228172249264188,PRUNED,0:00:00.088607,0.0002945953082378851,85,1.1691182914522904,1.7638196974016447
443,1.8926515796910162,PRUNED,0:00:00.691118,0.0001415230393951006,13,1.0408170407893593,1.4252195916682249
444,2.1250884532928467,PRUNED,0:00:00.065390,0.0001381896183796806,196,1.0409251891072444,0.2585449160463217
445,1.884483031688198,PRUNED,0:00:00.718435,0.00013472875836877034,12,0.823609393789655,0.9885717697527874
446,2.491533714276488,PRUNED,0:00:02.088824,0.0008008238779535916,4,0.8352833152243389,0.9765426763671579
447,2.3114360465157415,PRUNED,0:00:00.535231,0.000834150389491633,8,0.941533946304657,0.9930721545432452
448,1.0200535959453993,PRUNED,0:00:05.799277,0.00010805083336363548,4,0.8256376674301832,0.20717202382595387
449,1.946240899818284,PRUNED,0:00:00.375974,2.5584106949876148e-05,27,0.8189767330019764,0.209561645838235
450,2.8468536505455613,PRUNED,0:00:00.968219,0.0013462259730383126,4,1.1101562510679326,1.286989928385714
451,2.6748195687929788,PRUNED,0:00:00.064048,0.00023709025523698462,249,1.192260727859047,0.2785637334114958
452,1.067833115176488,PRUNED,0:00:06.961319,0.00019071507705319623,4,1.1169237309187574,0.14043475257285848
453,2.609256670039187,PRUNED,0:00:01.022858,0.001205685492052975,4,1.1170665349286204,0.138532715537796
454,2.0147819193926724,PRUNED,0:00:00.069817,0.00010509371987368804,140,1.2277970970049765,0.3924395106700606
455,1.9834270779515657,PRUNED,0:00:00.240911,0.00017769573747578819,21,1.1538151881651746,0.14411088871600078
456,2.0711697340011597,PRUNED,0:00:00.066326,0.00010472470799664185,233,1.117269500507331,1.6473531752192245
457,3.5654840230941773,PRUNED,0:00:00.088075,0.0004737082979750611,105,1.0744181716498775,0.29697046465853877
458,2.1544234371185302,PRUNED,0:00:00.255419,0.00046714278243747026,20,0.8872160960571642,0.1949106650232387
459,2.1317299604415894,PRUNED,0:00:00.096069,0.0001747887275557014,124,1.2464455421052059,1.4637580929554665
460,1.9062834850947061,PRUNED,0:00:00.488097,0.00018657080186674862,20,0.8879043084917362,1.4773993373201133
461,45.86946119202508,PRUNED,0:00:00.069115,0.0022170863830954313,178,1.1445929359738973,0.1949661606851968
462,1.9231982692082723,PRUNED,0:00:00.481851,0.00013110720693123903,20,0.9776026679657086,0.21596443789610956
463,1.9462048241070338,PRUNED,0:00:00.157393,1.4918094255109987e-05,113,1.1806878819379376,0.22882794317382457
464,1.9050757479667664,PRUNED,0:00:00.625608,0.00013326735281131048,15,0.5987984170935042,0.12757272303640077
465,2.00605221837759,PRUNED,0:00:00.093817,0.00012168367842311773,94,0.594770513956448,0.10408485266949519
466,1.9231523959533028,PRUNED,0:00:00.712859,8.105406463205616e-05,13,0.9662313520870769,1.0966113687472316
467,1.9233613831381644,PRUNED,0:00:00.763348,7.699868459964584e-05,12,1.223358721871342,1.1214825812317906
468,1.9199054933646147,PRUNED,0:00:00.817607,7.952848194365704e-05,11,1.194244427525843,0.31570545259407035
469,1.9830218603812069,PRUNED,0:00:00.490551,0.00025465461463510214,9,0.7793824337750354,1.906629615477225
470,1.9801232910925342,PRUNED,0:00:00.557564,0.00025549364490662054,8,1.088265951168353,0.4434301256155503
471,2.1146227741241455,PRUNED,0:00:00.133445,0.00021564191967674877,60,0.6249554198008717,0.7562218319239974
472,1.9998002549012501,PRUNED,0:00:00.225287,0.00020471461100662357,25,1.153016935823387,1.6157413840648138
473,1.9822260320186615,PRUNED,0:00:00.223746,0.00017465571962105896,25,1.0893308663868053,0.27212183591395034
474,1.990909085671107,PRUNED,0:00:00.217995,0.00018813562884107004,25,1.1466735297010824,0.2522581274543891
475,2.3912691067565572,PRUNED,0:00:00.172501,0.00036470943940949225,34,1.1379899888913425,1.69428269069799
476,5.85694310005675,PRUNED,0:00:00.168569,0.001720598244815622,32,0.6650383263228561,0.16923544194496778
477,1.9361160278320313,PRUNED,0:00:00.616806,5.606372529045342e-05,15,1.1249835831955255,1.6864976705941654
478,1.9146168447402587,PRUNED,0:00:00.526417,0.00014739558764900428,18,1.1924032543435548,1.3822078730843748
479,475.1434464339287,PRUNED,0:00:00.303713,0.01759437659768273,16,1.1686591043673888,0.9255463217806359
480,1.0209001152105228,PRUNED,0:00:06.106525,0.00010509732390105508,4,0.5620591043698102,0.37294248165711374
481,1.875195300707253,PRUNED,0:00:01.035954,0.00010110490185594248,8,1.063375063566812,0.3738830189877679
482,1.943317099051042,PRUNED,0:00:00.197658,0.00010495634027352037,68,0.5730623030635332,0.38696488216918495
483,1.1868324259756713,PRUNED,0:00:06.073592,0.00027223991746930086,4,0.9115423917198617,0.6619564326922905
484,2.189629759107317,PRUNED,0:00:00.060017,0.0001509903917118509,240,1.0662482272536156,0.6617632072349091
485,1.152985962488318,PRUNED,0:00:02.410405,0.00011714461313896328,8,1.2578914108354364,0.18033291044576524
486,2.0007522634837938,PRUNED,0:00:00.346271,0.00022846780222432017,13,0.9236547131700085,1.495593868965572
487,2.5940905353297357,PRUNED,0:00:00.337544,0.0006308759330410483,13,1.2661585768853791,0.1678542021988763
488,0.6983583056798546,PRUNED,0:00:06.275300,0.00016362475845913265,8,0.6884580978403091,0.16582371271179736
489,2.207667887210846,PRUNED,0:00:00.065924,0.00016585356602242211,156,1.1086154282775793,1.6032497914661972
490,2.009467981835847,PRUNED,0:00:00.488635,0.00030369957269503966,8,1.220613214565496,1.4249074739210799
491,1.98633944829305,PRUNED,0:00:00.227836,0.00019732238857109963,20,1.025803450187091,1.5575305298864197
492,1.070611334616138,PRUNED,0:00:03.060103,0.00012942174768044366,8,1.205111421359785,0.23776235741867946
493,2.316366737539118,PRUNED,0:00:00.072716,0.00024657455195139686,147,1.2082372175401765,0.3316491616520807
494,28.573815391822293,PRUNED,0:00:00.270937,0.004562287805934973,17,1.1314532713281351,0.23812523838949937
495,35.030694548379294,PRUNED,0:00:00.276877,0.0045485206443400565,17,1.4104673879233256,0.23719547648081868
496,1.8867544371148814,PRUNED,0:00:00.697715,0.0001532701945664425,13,1.194896850107676,0.28352910073869353
497,1.877687253298298,PRUNED,0:00:00.812336,0.00014140920736725501,12,0.7628705411976962,0.2961091293247778
498,2.0412816750375846,PRUNED,0:00:00.092597,0.00013083842123911592,80,0.9087426597604815,1.7341206395720539
499,3.013806479317801,PRUNED,0:00:00.062501,0.0003751674668140191,228,0.7616157021988035,1.633468368772813
500,2.800870333885541e-06,COMPLETE,0:00:13.346181,0.00023538737767163348,9,0.5564350593554911,0.3148409274049239
501,2.0974370539188385,PRUNED,0:00:00.095671,0.00024346063890740816,129,0.5529414219711927,0.2003309271873806
502,8.94426054403346,PRUNED,0:00:00.564894,0.002509692838086703,8,1.1000701897259821,0.12331981981506378
503,1.9406630749343543,PRUNED,0:00:01.089865,2.019772020060561e-05,8,1.1573919323325876,0.32538110836251044
504,2.951918465750558,PRUNED,0:00:00.068031,0.0002989351828950149,217,1.1496363737772795,1.4579001350485958
505,1.9193360108595627,PRUNED,0:00:00.419790,0.0001680246637041415,23,0.8456307266009403,1.3313055736005415
506,4082.0309731116663,PRUNED,0:00:00.254261,0.06690650619770759,23,0.687128839085447,0.3410126457743691
507,2.7219630684903873,PRUNED,0:00:00.329519,0.0010016061587774278,16,0.6894224438200856,0.3326173101578146
508,3.2984459779479285,PRUNED,0:00:00.296908,0.0010239222065265426,17,1.1616888048168514,1.5424915066364018
509,6.993287531489676,PRUNED,0:00:00.295280,0.001949780502139101,17,1.229403449272357,1.5583861007121116
510,2.425322731335958,PRUNED,0:00:00.088022,0.00018162004153332765,252,1.174350788249466,1.5110533599524938
511,39.61424058675766,PRUNED,0:00:00.071599,0.0016977693192254464,253,1.2426200001520935,1.54636774388556
512,4.178433300694451e-06,COMPLETE,0:00:10.171686,0.00023760810501338283,12,0.5293926550165344,0.1654247023138116
513,2.151937017073998,PRUNED,0:00:00.093053,0.0002318295972194199,119,0.5235424293864345,0.1788594896982964
514,1.9499017091897817,PRUNED,0:00:00.147468,8.86532345221292e-05,117,0.5023523012603427,0.16889520339896305
515,1.9151627738629617,PRUNED,0:00:00.692110,8.669571255851993e-05,12,0.7128035368187222,0.16298420437625824
516,1.9379635953903198,PRUNED,0:00:00.357454,8.547008664191357e-05,30,0.8764607528266826,0.14145964127027216
517,2.0173081998471862,PRUNED,0:00:00.325665,0.00015789056591628356,28,1.1299322881118337,0.5808041721561488
518,1.9421082368263831,PRUNED,0:00:00.369482,4.5872609010675315e-05,29,0.7923363016698359,1.6019675823934338
519,1.941222906112671,PRUNED,0:00:00.367727,6.291959898014909e-05,30,1.1306795764194386,0.4192354634107378
520,2.087262600660324,PRUNED,0:00:00.082845,0.00014027375059528024,207,0.7974126968777082,0.10237156507428014
521,2.3259392023086547,PRUNED,0:00:00.162043,0.00037627932361078794,38,0.7899353037759644,0.41394069792444677
522,1.9385345928809221,PRUNED,0:00:00.823856,3.478361730830247e-05,11,1.1878487088244296,0.4274504960332962
523,2.0485823452472687,PRUNED,0:00:00.412113,0.0003644798462767812,11,0.7143139362124469,0.21090679596533626
524,2.0106748332900386,PRUNED,0:00:00.371274,0.00021514984681111744,12,1.194307143694011,0.21910862330767178
525,124.68182217548875,PRUNED,0:00:00.424645,0.00908173951000324,11,1.19471743267311,0.4908984525725578
526,2.008431260200108,PRUNED,0:00:00.389691,0.00020561665640046617,11,1.185996272778252,0.21780381884834235
527,2.0091105682749144,PRUNED,0:00:00.245943,0.0002256819464209533,21,1.1755790597534188,1.5042165764109778
528,2.068719637805018,PRUNED,0:00:00.132301,0.00012128026569755339,53,1.181086663140913,0.27813005526408985
529,2.325300404003688,PRUNED,0:00:00.072181,0.00018356863473040414,244,1.1110000818652497,0.28297388317178107
530,1.9144735546673046,PRUNED,0:00:00.509263,0.00017842458435049312,22,0.8271332727098776,1.4946890869934515
531,2.007647410911672,PRUNED,0:00:00.261588,0.0003042763117226237,22,0.8307040820291491,1.4695915047894086
532,4.257061970384815,PRUNED,0:00:00.349844,0.001495117542542211,19,0.9985146596435084,1.6534749442778403
533,3.1967202349554134,PRUNED,0:00:00.297235,0.0013892313741922981,19,0.6556161277349699,1.4367002048753874
534,1.9468334154649214,PRUNED,0:00:00.171465,1.1964832634040184e-05,137,0.8270911886299703,0.2982199571074667
535,2.184803708791733,PRUNED,0:00:00.322215,0.00056178087475585,15,0.6472172841343605,1.4357599343681966
536,1.9174898350110618,PRUNED,0:00:00.598183,0.00011656475262026784,16,0.6491430659847301,0.7135626672066695
537,1.9181896366856315,PRUNED,0:00:00.615238,0.00012029494864792292,17,0.6328681815820385,1.394426990839396
538,2.0358076731363934,PRUNED,0:00:00.090117,0.00011415830631214033,102,1.0057685258576445,1.6453472801600615
539,1.9124799688285756,PRUNED,0:00:00.680616,0.00011581866073806431,14,0.9415941112096413,1.8501660944034173
540,2.0419318795204164,PRUNED,0:00:00.336278,0.0002560099830115474,15,1.1540142171600616,1.23092407032761
541,2.0512368645623464,PRUNED,0:00:00.357798,0.000271982989883002,14,1.2268169146760917,0.2590751034656759
542,3.884162197209662e-06,COMPLETE,0:00:14.943282,0.0002589005868962402,8,0.940204295288467,1.9586894436352944
543,1.133407373744321,PRUNED,0:00:02.299558,0.00013580542402985145,9,1.2211023688372282,1.9513822997900905
544,2.104746091365814,PRUNED,0:00:00.073611,0.00013985386834301523,151,1.1412248579725757,0.7946799434746519
545,0.9916784327517274,PRUNED,0:00:03.389640,0.00015710645956490025,8,1.05423309839642,1.9455203323692654
546,3.276817324149306e-06,COMPLETE,0:00:17.168023,0.00020448414468924626,7,0.6273383724310763,1.590915128975191
547,2.2978043854236603,PRUNED,0:00:00.083649,0.00019254595202852613,189,1.0473334635415414,1.9594203250385152
548,1.0027603146056054,PRUNED,0:00:04.081702,0.00014864481609557252,7,0.9428703753536785,1.5924763666140087
549,1.0408282469036758,PRUNED,0:00:03.093181,0.0001451946100803549,8,0.5399643132752032,1.5736976963877192
550,1.331662979978387,PRUNED,0:00:03.687896,0.000447396715131789,4,1.1016142732450014,1.595588870238952
551,1.9884899976432964,PRUNED,0:00:00.498852,0.00023916951934693835,8,1.2772912231842457,0.2002518320602148
552,14.60682122585594,PRUNED,0:00:00.491194,0.0033126909440340797,8,1.0993895240881368,0.1973761043678001
553,1.3805283157415287,PRUNED,0:00:03.770441,0.00032091446798831666,4,1.1034019172025402,0.13915930500179022
554,1.9911604446749533,PRUNED,0:00:00.199738,0.0002181495772314345,24,0.8716969387969923,0.2409316185235979
555,1.4451539178422634,PRUNED,0:00:03.712756,0.0003455734952592137,5,1.1608804837250675,0.1007107762212525
556,1.9466391801834106,PRUNED,0:00:00.144179,5.8359445754760875e-06,108,1.1591052387267766,0.1143319628790866
557,1.3448880632878633,PRUNED,0:00:04.935372,0.0004093931772056121,4,1.1297659369402848,0.14223536367214362
558,1.2129937750036999,PRUNED,0:00:05.649704,0.00031350249360684134,4,1.1184824859497235,0.31325382528459345
559,278.7938971168855,PRUNED,0:00:00.134410,0.006788803375000276,45,1.3552697023278633,1.7640502985266235
560,9.820586335140726,PRUNED,0:00:00.384520,0.0022962461662144446,13,1.1411326726394335,0.347380505325612
561,2.001916265487671,PRUNED,0:00:00.349617,0.0002049162528427026,13,1.1303905029536179,0.3123001579361301
562,1.9489838986457149,PRUNED,0:00:00.505891,1.549943559970952e-06,19,1.2452992569746162,0.3130242363588881
563,1.937709584236145,PRUNED,0:00:00.505348,6.436484449813117e-05,20,1.124396312239246,0.29956951032819473
564,1.9296991281871554,PRUNED,0:00:00.503300,0.00010116110619346532,19,1.0809303545308755,0.2482838532448917
565,1.9884980817635853,PRUNED,0:00:00.103557,9.144858291615513e-05,125,1.0731826406969909,0.2682194442484191
566,1.9336143347524828,PRUNED,0:00:00.437117,9.491813719702664e-05,24,0.6058010197080933,0.24846061468611016
567,1.9818232223905365,PRUNED,0:00:00.201278,0.00018311858845193498,26,0.8585584281584225,1.5428182527012124
568,1.9215923773831334,PRUNED,0:00:00.393391,0.00018124870350891994,26,0.7760367496299012,1.520402936395006
569,2.281743639991397,PRUNED,0:00:00.100752,0.0002854872237802081,73,1.2112146718043892,0.19497945164044136
570,1.0487988247167344,PRUNED,0:00:02.385076,0.00016853252613372745,10,0.6160459057972095,1.5119228539888043
571,2.1598284805522248,PRUNED,0:00:00.102548,0.00016476446589188467,88,1.172269121803517,0.37460044403165865
572,1.8714446635807263,PRUNED,0:00:00.744322,0.00014462203203437264,11,1.1698907873779276,0.1446916935972335
573,2.322343587875366,PRUNED,0:00:00.068374,0.00023600927853101433,174,0.808028126383419,0.22505577128208457
574,0.7407631008016983,PRUNED,0:00:04.755735,0.0002963228449864102,10,0.5740799478707271,0.4655988624124334
575,0.7082819617403451,PRUNED,0:00:10.702834,0.0002693887413791617,4,0.5728578527752339,0.35734145476499424
576,1.0205933115626342,PRUNED,0:00:04.910556,0.0002913074258269434,10,0.5231208317580617,0.3542386647115445
577,2.1393980724983903,PRUNED,0:00:00.446962,0.0007378693667977857,9,0.5595165180762693,0.34870260864540026
578,2.5156028611319408,PRUNED,0:00:00.060790,0.0003096587912967612,231,0.5926752134055687,0.3972258192142043
579,2.3336144174848283,PRUNED,0:00:00.059563,0.00026571332033359444,223,0.5554716804393475,1.6226774558910133
580,1.8622327077388763,PRUNED,0:00:00.561659,0.00019716434326631544,15,0.523082809018903,0.45585428638492154
581,9.120911753177642,PRUNED,0:00:00.066598,0.0011997201040728875,161,0.5549670164180794,0.3190125745634269
582,1.2912088629379068,PRUNED,0:00:03.743227,0.0005252626705368089,4,0.5260794501001226,0.3667578574558191
583,1.914287700447985,PRUNED,0:00:00.529223,0.00012410148099627305,16,0.5832749003642415,0.5364313765245132
584,2.068597067594528,PRUNED,0:00:00.293213,0.0004726032436688741,15,0.5122222661675182,1.7231126810231512
585,1.9364581653870732,PRUNED,0:00:00.874516,2.9760962034475604e-05,9,0.5784078316605434,1.8951254408957967
586,1.9116209881851471,PRUNED,0:00:00.860700,6.946923158423391e-05,9,0.5282677126973108,1.0564268732196749
587,11.667503297328949,PRUNED,0:00:00.075963,0.0019451016781664341,132,0.5756624062183514,1.4791980561050204
588,4.922729953322359,PRUNED,0:00:00.936162,0.0019953152701605572,4,1.3147775801304415,1.4774873983577947
589,1.8846770509888855,PRUNED,0:00:00.461595,0.0002252193746125201,19,0.5424991587954711,0.3722737530656852
590,2.0463557676835493,PRUNED,0:00:00.068920,0.00013818702845756737,143,0.8458549076502122,1.362745526343721
591,1.9072490754334823,PRUNED,0:00:00.632230,0.00010565979770690894,13,0.5412790979245853,1.5687996773375945
592,1.848018133121988,PRUNED,0:00:00.641021,0.00018962112831847635,13,0.7441243671038718,1.5841058991435233
593,1.8713465249538421,PRUNED,0:00:00.604133,0.00019316794456607846,15,0.7485405847965564,1.5571784387660708
594,7.674131301993674,PRUNED,0:00:00.262761,0.0027049974455785764,17,0.7438220027889189,0.2818239763482385
595,2.264481768012047,PRUNED,0:00:00.105886,0.0001954110226125011,98,1.2467450945682033,1.3066359275413573
596,2.2652231454849243,PRUNED,0:00:00.061994,0.0001871469950165296,237,0.9212622160466581,0.17292092859771152
597,2.1407903358340263,PRUNED,0:00:00.087301,0.0001533531398947678,96,1.2444400576401478,1.3012882292023318
598,1.9437872171401978,PRUNED,0:00:00.153541,1.6628286214544084e-05,97,1.2581246271996849,1.6478741207380636
599,1.194569262045045,PRUNED,0:00:04.923808,0.0005781681390911221,4,0.5005908590614645,0.20966028511256896
600,1.960715753691537,PRUNED,0:00:00.108453,1.630225097619925e-05,247,1.2026795475254137,0.20614861173447607
601,2.0069162209828693,PRUNED,0:00:00.238712,0.00024815376667340616,20,0.9695568229914051,0.2064777391370382
602,2.0945597836669063,PRUNED,0:00:00.240470,0.00039670294893683907,21,0.8888877567959727,1.1956848514893381
603,2.1086380783940704,PRUNED,0:00:00.240269,0.00038255720928398717,21,1.0280053702510843,0.27309060327674567
604,2.0146936077467155,PRUNED,0:00:00.242639,0.00038477327367925253,21,0.5001474856016692,0.26527477877908096
605,3.178778186440468,PRUNED,0:00:00.070179,0.0003943843636065412,195,0.8942177079919251,0.10040570553835743
606,2.1068441718816757,PRUNED,0:00:00.074700,0.000132327307653647,199,1.0248206161012714,0.2734969067372206
607,2.008028677531651,PRUNED,0:00:00.185278,0.00011178696238069052,217,0.504364391890722,0.24091853395246152
608,1.9500936695507594,PRUNED,0:00:00.143007,4.968098123771215e-05,113,1.208289571681441,0.23598012315575287
609,1.941736568104137,PRUNED,0:00:00.333939,5.377459796479106e-05,34,0.8065747903537326,1.7941153548603506
610,2.0214589493615285,PRUNED,0:00:00.064293,7.82302691216465e-05,214,1.2133299684005052,1.8398327217950974
611,1.9113186052046627,PRUNED,0:00:00.910329,7.81311268550555e-05,9,1.2255551558465025,1.4034540346259434
612,2.001827299594879,PRUNED,0:00:00.152947,0.00010456976589088443,40,1.228072445060824,0.16591011972868003
613,2.036515752474467,PRUNED,0:00:00.078983,9.786415530473439e-05,167,1.0874321821927069,0.13958821102686392
614,2.1607791715198092,PRUNED,0:00:00.091316,0.0001505553008386791,183,1.0863393294709442,1.4127053806529901
615,2.00860781896682,PRUNED,0:00:00.175603,0.0001607470344915652,36,0.8419237572188157,1.3994745129710715
616,2.104567304253578,PRUNED,0:00:00.115904,0.00014844976984646825,63,1.1577075534299823,1.4416891773210228
617,0.9178165751759724,PRUNED,0:00:08.541173,0.00021876385934159546,4,1.27940433519025,1.7888142807860459
618,5.327739017957356e-06,COMPLETE,0:00:10.058551,0.000233817996890484,12,0.6201341621352305,1.4534178807162559
619,0.9791253186682219,PRUNED,0:00:07.594913,0.00022487761166496887,4,0.8493897836285135,1.525508396444901
620,2.0268336390874473,PRUNED,0:00:00.444578,0.00025775776300564847,9,1.1860979116902255,1.7055007641026587
621,0.4454578307847823,PRUNED,0:00:19.452887,0.00021207867853496344,4,0.6270733496703438,1.5075833738344273
622,2.019448097621169,PRUNED,0:00:00.316253,0.00022250824386558374,14,1.2818697975429554,1.512888697939895
623,1.9094747865200044,PRUNED,0:00:00.570096,0.0001246132426534728,15,0.6196901883122393,1.6109562817860443
624,0.647830912182408,PRUNED,0:00:11.627717,0.0002064597247460624,4,0.777234933449381,0.31513395662942206
625,2.217303950940409,PRUNED,0:00:00.959614,0.0009607465589158154,4,1.1091279363192565,0.3270031270851087
626,2.604837905014715,PRUNED,0:00:01.091069,0.0014947514937549565,4,0.7819249211006463,0.186168793996025
627,1.8716742277145386,PRUNED,0:00:00.692643,0.0001664307806263113,13,0.8647057293425845,0.29391028913823564
628,1.8677365116451097,PRUNED,0:00:00.717666,0.00017110392381739195,13,0.8631575854977281,1.5430671253684443
629,1.9847640410713527,PRUNED,0:00:00.337371,0.0001710852160517715,13,1.1443083113887371,0.8439101335178048
630,1.9292754263713443,PRUNED,0:00:00.383397,0.00013388028087459944,26,0.5523753395865666,0.8333375650451178
631,2.0189903995820453,PRUNED,0:00:00.203227,0.00022314057342199544,27,1.1458999871642204,0.13193772595815628
632,1.9446044889363376,PRUNED,0:00:00.598907,2.3229851342584436e-05,17,1.453691643635635,0.3911727950479698
633,1.918006121394146,PRUNED,0:00:00.500337,0.00012720721123362098,18,0.6668369951265003,1.4909472123893726
634,13.52892029556361,PRUNED,0:00:00.281247,0.0036008832220933177,17,0.8165960413140188,1.6669992156011006
635,1.9463161880319768,PRUNED,0:00:00.124238,2.450430205718763e-05,137,0.6006119702664335,1.4829402212013967
636,107.92153046684093,PRUNED,0:00:00.470173,0.012056336722014142,9,1.1810686274272306,0.4095688321404695
637,2.046745108552726,PRUNED,0:00:00.459126,0.00031358156924701325,9,1.0526670098258017,0.16404971960769793
638,2.0721144970641077,PRUNED,0:00:00.470310,0.00032079423992943846,9,1.1804676331786779,0.17369268717708408
639,2.0028818915872013,PRUNED,0:00:00.409476,0.00020465221606046666,11,1.1169289249605685,0.3143038820588978
640,1.9823714398697718,PRUNED,0:00:00.437947,0.00021552646582683873,10,1.1197505623624846,0.3131665275081819
641,2.0354447811841965,PRUNED,0:00:00.064550,9.478734927786114e-05,208,1.1185678050327648,0.23389047926226542
642,2.3211710086235633,PRUNED,0:00:00.078915,0.00022628911856253602,121,0.9845940321710319,0.33356581444335354
643,1.9054118311923482,PRUNED,0:00:00.681378,0.00012244276332126205,13,1.2031929052931714,0.31181309038466837
644,1.9292493830708897,PRUNED,0:00:00.430451,0.00011892621052295708,22,1.195220316418291,1.6211196100880074
645,1.9269260940417436,PRUNED,0:00:00.446596,0.00012546505907315325,21,1.2036169777051553,0.9499805780269011
646,1.9863717268748455,PRUNED,0:00:00.259507,0.00016510587025420252,18,1.338116585705378,1.524099741252029
647,2.107367237408956,PRUNED,0:00:00.069309,0.00016551377428119493,256,0.5481776448902137,0.21889806753103297
648,2.266161481539408,PRUNED,0:00:00.061717,0.00016060025565244385,255,1.1460641737322428,1.5392874300848278
649,1.995132485573942,PRUNED,0:00:00.304505,0.00024342834879311222,17,0.8360163644223527,0.12646275618951813
650,4.2790241282094605,PRUNED,0:00:00.290299,0.001628963360453932,17,0.8391677426591602,0.12601991237158927
651,1.9505776255219072,PRUNED,0:00:00.211799,4.052042688621845e-06,57,1.0667136981879004,0.14027633255493308
652,1.2235569667912298,PRUNED,0:00:03.821954,0.00026158335109683256,4,1.0866338601510594,0.25003905596220144
653,61.38169755254473,PRUNED,0:00:00.063639,0.0023501683398915152,240,1.1663768891078914,0.26067897411934227
654,6.79267406143168,PRUNED,0:00:00.963039,0.0026794112940379216,4,1.1691012458263415,0.26522401317872657
655,1.0956868968343223,PRUNED,0:00:04.833647,7.861439009628155e-05,4,1.1584661391797986,0.18829775452377306
656,3.599188571335167,PRUNED,0:00:00.502970,0.0011805945770513436,8,1.369020539118246,0.19182169816291605
657,1.9176873728152244,PRUNED,0:00:00.678306,8.525525218574558e-05,12,0.9118072138584061,1.4554157623621389
658,1.9367858576774597,PRUNED,0:00:00.336406,9.290216907443654e-05,30,0.77442337158906,1.6646750723561605
659,1.9113540141478829,PRUNED,0:00:00.668852,0.0001035043464440048,13,0.7693002330620612,1.4564313039661574
660,2.6859737199285756,PRUNED,0:00:00.347017,0.0006864101945202648,13,1.2267831753616858,0.1866478825289002
661,2.0190997215417714,PRUNED,0:00:00.213380,0.0002651296278862587,23,1.0892050380967029,0.10021122795426521
662,1.9454399974722612,PRUNED,0:00:00.164529,3.6515071717010855e-05,80,1.2386963678957958,0.6261413019136575
663,2.885940830310574e-06,COMPLETE,0:00:14.613917,0.00018769930810361805,8,0.5694085264443183,1.5853841677567955
664,2.0714103297183386,PRUNED,0:00:00.094958,0.00014385893870232214,81,0.9590290792362806,1.265135459463807
665,1.9448927019232063,PRUNED,0:00:00.961164,9.27356135169246e-06,8,1.1372962351896208,1.5707253221266908
666,2.3661539216845995e-06,COMPLETE,0:00:14.360487,0.0001925786498702863,8,0.7248714606478176,1.580486757337379
667,1.9050128479157724,PRUNED,0:00:00.980820,7.017098640623977e-05,8,0.5613789916757561,1.5917998535834326
668,2.6306076049804688,PRUNED,0:00:00.069049,0.0003147065648499857,152,0.8001805773552642,0.21918826494604635
669,2.0367837448914847,PRUNED,0:00:00.077191,0.0001860013421876729,130,0.5717436264676861,0.2875903816420621
670,1.9340857741507618,PRUNED,0:00:00.606632,6.368555363551905e-05,17,0.7250301467168897,1.7451132060991055
671,1.9911416967709858,PRUNED,0:00:00.199716,0.0001889331920590521,25,1.1432436554211216,0.24908763028158662
672,1.9239962907937858,PRUNED,0:00:00.405492,0.0001407316119689962,23,0.5361174316911365,0.23106485612624206
673,2.1901810680116927,PRUNED,0:00:00.066104,0.0001483258388853983,233,1.0992576631114492,0.17418133102341038
674,1.9143734465363205,PRUNED,0:00:00.553642,0.00012247414475335147,16,0.533141763923823,0.17856451644992438
675,1.990473743407957,PRUNED,0:00:00.123358,0.0001126861241229464,48,0.595225914819244,0.359929052614572
676,1.0272820907903004,PRUNED,0:00:02.640598,0.00014398179618061834,9,0.5329649076580675,0.5039625551632612
677,2.2157888039048896,PRUNED,0:00:00.468462,0.0004719165158928395,9,1.1593687568549558,0.44409035392822094
678,2.0121262688790598,PRUNED,0:00:00.505962,0.0003264068845837824,8,1.1645149655465543,0.5144303568997647
679,2.9842992305755613,PRUNED,0:00:00.080104,0.0003413261321215252,106,1.26212809885512,1.6348182564416263
680,2.2251034528017044,PRUNED,0:00:00.062895,0.00018914744379638215,202,0.881098430928439,0.29601199539459344
681,1.9942168737611463,PRUNED,0:00:00.357503,0.0001895360402005436,12,1.1785728899669576,0.5155427568813593
682,1.869649568847988,PRUNED,0:00:00.648088,0.00016729409375651136,13,0.8139000646088449,0.40772238291069346
683,1.8555421932883884,PRUNED,0:00:00.674193,0.0001832299292721331,13,0.8131545051051313,0.38810092390153206
684,1.91601938084711,PRUNED,0:00:00.471988,0.0001528738467296011,19,1.128300680045483,0.39626297070904043
685,6.690955508186157,PRUNED,0:00:00.259452,0.0020045044535209043,18,1.1263024727255695,1.1400472065946354
686,2.855813843863351,PRUNED,0:00:00.064396,0.00027185431471272764,247,1.2148477661989827,1.4986118576252636
687,36.98293541158949,PRUNED,0:00:00.064640,0.0017610681267964756,225,1.2120057446834356,0.3388833649256246
688,4.579885764122009,PRUNED,0:00:00.235324,0.0013575527576989439,20,1.3018733873076935,1.082462314249165
689,1.9846628468770247,PRUNED,0:00:00.196283,0.00012046880622188225,29,1.1969812797102832,1.5510559431567668
690,1.9288202252569078,PRUNED,0:00:00.502752,0.00010653395361514615,19,1.1868811263744639,0.14336040192083216
691,1.933806666961083,PRUNED,0:00:00.426891,9.795911201729973e-05,23,1.097810981994771,1.5648635089667295
692,2.6889222466176554,PRUNED,0:00:00.553855,0.0012463480434328805,8,0.704734948272382,1.709937563962802
693,2.013475530118827,PRUNED,0:00:00.482189,0.0002568245522859252,9,1.0644779881048536,1.3456114666057868
694,6.138687153657277,PRUNED,0:00:00.075101,0.0008773228867018315,125,1.1901447620292167,0.144785202793698
695,1.976846103926739,PRUNED,0:00:00.493608,0.00026257754700816153,9,0.6999668170577238,1.7077354378694416
696,2.0399516224861145,PRUNED,0:00:00.417564,0.00025497611720674476,11,1.1416877494594297,0.21408217081072256
697,2.088370253058041,PRUNED,0:00:00.091360,0.00013732377164123007,91,1.1418034478934331,1.689984896788416
698,1.8909254063730654,PRUNED,0:00:00.675612,0.00014538720035621848,13,1.1099552821850507,0.22355824977236077
699,2.232347717909055,PRUNED,0:00:00.330745,0.00044542667018497226,14,1.2286434618394093,0.2200751643071548
700,1.9751106923985704,PRUNED,0:00:00.316816,0.0002193881375051945,14,0.6670512677155428,0.7091236218444729
701,2.5676336721940474,PRUNED,0:00:00.079863,0.0004343793140616239,146,0.6673328601123127,1.9152249756007702
702,1.8672670590877534,PRUNED,0:00:00.589823,0.00019637661580664705,15,0.6661316995454273,0.9051890133237355
703,1.9846203128496807,PRUNED,0:00:00.215394,0.0001885668619040908,25,1.0073239126597318,1.6154114748277753
704,1.9409344858593411,PRUNED,0:00:00.127529,2.442943618611584e-06,177,1.1069743922926345,1.8556958864858988
705,1.9943718211404209,PRUNED,0:00:00.208086,0.0001840510070381474,26,1.1074158466824402,0.28264939095938363
706,1.920734945933024,PRUNED,0:00:00.394265,0.0001743759795806569,25,0.6358915938587317,1.6043629494452247
707,0.9441374280760365,PRUNED,0:00:09.529369,0.0001438367979931434,4,0.8736757869130953,0.10300726943210434
708,5.464687092171516e-06,COMPLETE,0:00:28.436525,0.00017380486848972984,4,0.5594965262366285,0.26257238694877605
709,2.5700315833091736,PRUNED,0:00:00.068069,0.0003559701879437814,191,0.5544162657464753,0.26024388584543356
710,1.925305167833964,PRUNED,0:00:00.534202,0.00010101270210219646,16,1.2620456646340772,0.27431806828639543
711,1.9401017885695222,PRUNED,0:00:01.866507,1.2021432828986665e-05,4,1.0454602398767698,1.488027136235186
712,1.8976557434246104,PRUNED,0:00:01.004409,8.554416980332908e-05,8,1.2495701551242924,0.16333728733579306
713,2.0547191500663757,PRUNED,0:00:00.080762,0.0001247259173775227,111,0.930837881969844,0.10093266331154914
714,6.474947966875568,PRUNED,0:00:00.932936,0.0030206957082975438,4,0.8734973532205068,1.4961153085481569
715,1.454576030533801,PRUNED,0:00:05.733816,0.0003154300988776163,4,1.0757036065402377,0.3558272765781613
716,1.1303029038733052,PRUNED,0:00:04.591760,0.00028653282811936934,4,1.042545159255687,0.7691382263971195
717,2.382714677882451,PRUNED,0:00:00.274083,0.0005808368568415356,16,1.0730119953216313,0.18206040437702892
718,2.063535457634064,PRUNED,0:00:00.451598,0.0003130782786889005,9,1.1644754807914683,0.36041825978316017
719,1.9843161714837907,PRUNED,0:00:00.165368,0.00015019324668130114,32,0.789635805417823,0.2951949902631267
720,1.9757024940237942,PRUNED,0:00:00.258996,0.00023651184680796266,18,0.6064265560160877,1.5350035936782145
721,1.84210468990257,PRUNED,0:00:00.867018,0.00013030135494418522,9,0.8280129021184073,1.0128434679484362
722,1.9825511905882094,PRUNED,0:00:00.070687,5.655467419520201e-05,183,1.1816161833412533,1.6529844786271508
723,1.9403600311279297,PRUNED,0:00:00.441748,4.089372989623572e-05,20,0.58994978519158,0.3425401829933187
724,2.436042845249176,PRUNED,0:00:00.068155,0.0002136832156284966,159,1.1543507770000865,0.23959120308659634
725,2.104669201892355,PRUNED,0:00:00.331524,0.000322227539893893,13,1.2057780385685093,1.9927008442526544
726,0.8484885296834412,PRUNED,0:00:09.905788,0.00016531867907652618,4,0.5189376058260545,0.20409806337209196
727,1.8777975023510944,PRUNED,0:00:00.864517,0.00011172124569234895,9,1.1232534560263379,0.20361001174566098
728,2.0469141701857247,PRUNED,0:00:00.075469,0.00015646570920305837,135,0.8937999538309888,0.20800899390373978
729,2.1792739629745483,PRUNED,0:00:00.062989,0.00015500036032709737,220,0.9812758381193455,0.14858024293783362
730,1.9752661673227947,PRUNED,0:00:00.231882,0.00015587822810704237,20,1.1716373668185163,0.14124654238827475
731,1.931608912150065,PRUNED,0:00:00.448722,9.77371885883212e-05,20,1.2285440968194656,0.2963273788794559
732,1.9255603987237682,PRUNED,0:00:00.629094,7.357037131750654e-05,13,0.8510512942307069,1.5804009347573222
733,2.334608622959682,PRUNED,0:00:00.060542,0.00021303401230759726,243,0.8634003930487641,1.5640095546714565
734,1.9008456157601399,PRUNED,0:00:00.663889,0.00011680888387016227,13,0.5703010809360656,0.2554082677325861
735,2.091177331076728,PRUNED,0:00:00.066170,0.00012120915073130847,170,1.149630465149234,0.10027967506537151
736,2.2949375112851462,PRUNED,0:00:00.135757,0.0002539547955704396,42,1.3262726777421558,0.25724971981322464
737,22.710440021294815,PRUNED,0:00:00.075747,0.0022649453675295046,117,0.5723386762997656,0.17799596316810942
738,11.91650023243644,PRUNED,0:00:00.074892,0.0015451932113821859,141,0.9089743992352523,1.4426569336608244
739,2.2495832059694374,PRUNED,0:00:00.316173,0.0007766046266723711,13,0.5139495182466084,1.202701421358002
740,1.1112982370709412,PRUNED,0:00:01.986171,0.00017472669807156244,10,0.5191857301440261,0.4584745903328721
741,1.9784507787371257,PRUNED,0:00:00.441503,0.00017021207157459455,9,1.1869668762852414,1.3687890795272357
742,1.8860663226855698,PRUNED,0:00:00.516023,0.00018586924834999486,16,0.5461640380745176,1.8137679678806
743,2.9374007723664723,PRUNED,0:00:00.491962,0.0010651501543882582,8,1.1339185122083046,0.3243428881159656
744,1.9233984228442698,PRUNED,0:00:00.403040,0.00013977946851533,22,0.7759167948954327,0.3273700027396011
745,1.1241695807185224,PRUNED,0:00:02.394980,0.00014430982439356434,8,0.7308874792444038,1.6297275568360707
746,178.09684308113592,PRUNED,0:00:00.485806,0.02545876089679095,8,0.7281936616834422,1.6496650177922605
747,2.0417103388092737,PRUNED,0:00:00.099724,0.00020305995473550746,68,0.7317079672329942,1.6180955192226618
748,2.0514755760814296e-06,COMPLETE,0:00:12.691816,0.0002096498814053425,9,0.7540516868311669,1.6444685209381433
749,29.01025509571328,PRUNED,0:00:00.388051,0.005342160698932341,11,0.7534943498841085,1.5446756549411238
750,0.8344991662169016,PRUNED,0:00:04.774602,0.0002032773530686438,8,0.7282898424860424,1.573156774430847
751,2.0048363379069736,PRUNED,0:00:00.058645,8.839782961817268e-05,229,0.7540777751504718,1.5359014735133734
752,1.985800334202346,PRUNED,0:00:00.285744,0.00023756668188699544,16,0.7148752729201864,1.6047646380430969
753,0.49074272615134074,PRUNED,0:00:14.931398,0.00023328254168410284,4,0.5835276062416335,1.5880898227612332
754,0.8323773631165104,PRUNED,0:00:09.051073,0.00012012706956926601,4,0.58404889673825,1.5898131512387437
755,0.7877960236322495,PRUNED,0:00:23.291128,0.00019740305154808646,4,0.5937479332794001,1.5637034860250862
756,1.9171470313943841,PRUNED,0:00:00.531970,0.00011543317637319666,16,0.5608928061753891,1.501722653979164
757,1.914129763521174,PRUNED,0:00:00.503719,0.00012455145203312573,16,0.5850414968796475,1.4804024738462305
758,2.006269437333812,PRUNED,0:00:00.339190,0.0002695359502039998,13,0.7662663552721134,1.5809646606875352
759,78.82762524059841,PRUNED,0:00:00.061322,0.003838797675037059,236,0.5818543132140284,1.5219947379116054
760,1.1506146558270018,PRUNED,0:00:23.741121,0.0002217192038740156,4,0.603145959630116,1.5571419461384168
761,1.9455660718033112,PRUNED,0:00:00.865358,5.293612126669278e-06,9,0.5453750272811899,1.6733695792062764
762,0.5773617482834286,PRUNED,0:00:21.976911,0.00022117938636142373,4,0.6067820441418401,1.4214489441919977
763,1.8994585521080916,PRUNED,0:00:00.398700,0.000224964823065978,22,0.6044074186914998,1.4507605210176902
764,2.1196507533391316,PRUNED,0:00:00.081257,0.00018316137813476045,103,0.7573624016945665,1.7426646758387314
765,2.0070181091626487,PRUNED,0:00:00.057259,9.051290172317318e-05,250,0.6821633303285112,1.6203288250974688
766,2.0353046493096785,PRUNED,0:00:00.162062,0.0002414430473280697,34,0.5470021202365006,1.5647206808991951
767,1.8348210865960402,PRUNED,0:00:00.711915,0.0001619981183004404,11,0.542085102158304,1.8875185591765202
768,1.935055750834791,PRUNED,0:00:00.443800,6.90980210529052e-05,19,0.6428220520051926,1.530944521259784
769,1.9942604780197144,PRUNED,0:00:00.163419,0.0001920354418917496,30,0.6088385215537893,0.17160460214411447
770,32.34500161501077,PRUNED,0:00:00.077063,0.0018863059895220969,122,1.2119510400401186,0.13573015062902127
771,1.0488355341617779,PRUNED,0:00:05.433595,0.00010127562525878237,4,0.7472138240693331,1.6464702985612818
772,1.9872989264604086,PRUNED,0:00:00.310613,0.00023812991289279503,14,0.7447253570646258,1.6937112527830829
773,2.008050432128291,PRUNED,0:00:00.199986,0.00027506496577291373,24,0.7531843454231916,1.7459571098239204
774,2.3959949016571045,PRUNED,0:00:00.074868,0.0003710161846573731,130,0.7101732568805537,1.6424323405497228
775,0.7885006896109992,PRUNED,0:00:08.964223,0.0001498013705486091,4,0.780628730275924,1.6546500760734397
776,1.9077840476266799,PRUNED,0:00:00.790944,0.00010153461942956265,12,0.7975340762804399,1.6749503952254976
777,1.9017283049496738,PRUNED,0:00:00.507944,0.00016754221242046462,17,0.7797318612958724,1.4210781414917655
778,1.8757727213444249,PRUNED,0:00:00.692281,0.00014416249464064738,12,0.7905620396727655,0.16252839280306927
779,1.8822530431132163,PRUNED,0:00:00.650834,0.00013603762771294083,12,0.7684913803757106,0.14165758760679453
780,1.9379168166355654,PRUNED,0:00:00.516987,4.710006420409594e-05,17,0.7627067559616828,0.21683023178674904
781,1.989617545202554,PRUNED,0:00:00.459984,0.00028776106852271516,9,0.7355549686574335,1.7180244925308137
782,2.0053517047096703,PRUNED,0:00:00.214945,0.00031691354636384354,22,0.7520345285644081,1.7262212168645925
783,1.9354904332468588,PRUNED,0:00:00.935828,2.9053946177354603e-05,8,0.7238427910922455,1.6689131663892625
784,2.2379485219717026,PRUNED,0:00:00.062753,0.00019922339863468462,212,0.7226482778368281,0.44007131492869167
785,1.8315697075372719,PRUNED,0:00:00.900242,0.00013354804576029019,9,0.7095390581819475,0.24277456712443274
786,7.6885266858955905,PRUNED,0:00:00.198033,0.0025860930743519294,26,0.7739985175594573,0.18818272027284275
787,3.5730933479287406,PRUNED,0:00:00.282757,0.0015223859368338822,17,0.6912672037633655,0.2310328166900143
788,1.9153787658875248,PRUNED,0:00:00.486217,0.00013662276708802473,18,0.7036953598936958,0.21968258996800527
789,4.4266505485231225,PRUNED,0:00:00.279244,0.0013524326128622757,17,1.2346940559129267,1.4583283596295433
790,2.024969938993454,PRUNED,0:00:00.312412,0.00022855202320007134,15,1.1957014044706629,0.12652668406704454
791,2.0131896495819093,PRUNED,0:00:00.070592,7.653205224602582e-05,155,1.2874852086233528,0.6011499698897536
792,2.4561461456890763,PRUNED,0:00:00.117771,0.0002458518263683469,53,1.2717902287154774,0.12652506875571512
793,1.9431851852324702,PRUNED,0:00:00.689212,1.9640623765918395e-05,12,1.1746188085712412,1.7858032149253227
794,1.9950552678877307,PRUNED,0:00:00.364262,0.0001919718134627251,12,1.1696991415052094,0.39423579370381306
795,1.007494265994718,PRUNED,0:00:03.063100,0.00018713356675918087,8,1.170797396610869,1.4980576585656238
796,1.8619663260316337,PRUNED,0:00:01.032919,0.00010617603882074615,8,0.7902145899862189,0.5570102238434117
797,1.9299595724133884,PRUNED,0:00:00.414805,0.0001071435155553472,22,0.7443413153564084,1.508841729144315
798,1.099749353383818,PRUNED,0:00:05.844117,0.00016308612694362028,4,1.2145005533282653,0.18355234841849621
799,1.0316298677716205,PRUNED,0:00:03.248199,0.00016046750029903947,8,1.2169503395669619,1.6163164000053496
800,2.134816829647337,PRUNED,0:00:00.205838,0.0003547376098157032,27,1.1456388987969213,0.1679043857200031
801,2.000763920045668,PRUNED,0:00:00.381634,0.00020014494979332342,12,1.186512477049878,0.29711692856654176
802,2.0209883317141464,PRUNED,0:00:00.235171,0.0002757207973629058,21,0.9552446159316189,0.2753932615729916
803,2.013675828190411,PRUNED,0:00:00.222268,0.0002551406408326534,22,1.2145719920099862,1.554201041664827
804,2.1838408891971293,PRUNED,0:00:00.078422,0.0001593351029881859,115,1.215495355466492,1.412935625454491
805,1.9888052940368652,PRUNED,0:00:00.073751,6.065540214256547e-05,164,1.1500447045100526,1.6122944001190176
806,2.0180893689393997,PRUNED,0:00:00.064470,8.380462899843766e-05,204,1.1537852030412472,0.19793787480060693
807,16.6441806002361,PRUNED,0:00:00.153205,0.00212089036619655,37,1.2447738889082212,0.1913738235611761
808,0.570587136972976,PRUNED,0:00:14.900917,0.00016329952081963424,4,1.192318936503652,1.833495031807174
809,2.6492555319705855,PRUNED,0:00:00.303567,0.0009408093958302736,14,0.7627399950674894,1.2720116268204271
810,2.046774744987488,PRUNED,0:00:00.092925,0.00012114614961104638,76,1.2022777365490407,1.8338392292615961
811,1.9448499095519918,PRUNED,0:00:00.788285,7.581878735007519e-06,10,0.6534195730684784,1.4750523202775643
812,1.542653774221738,PRUNED,0:00:04.701981,0.0004132837360752359,4,1.1376981767939451,0.3567455832916208
813,1.8083351236838165,PRUNED,0:00:04.601876,0.00044594004826794387,4,1.193033082264444,0.3688955251719562
814,2.138222735415223,PRUNED,0:00:00.276316,0.00037705381646390427,16,1.1349157031985178,1.3322862407816094
815,14.69795749273645,PRUNED,0:00:00.256475,0.0031869751220959938,18,1.1819694807855934,0.14323352475793838
816,2.067437408062128,PRUNED,0:00:00.176467,0.00022190708968275645,29,1.125228348391979,0.34120988318711654
817,0.8619442669454441,PRUNED,0:00:09.627266,0.00013632635109700716,4,1.2408524329694646,0.8764966427301325
818,2.0730063021183014,PRUNED,0:00:00.073235,0.00012484897936769867,126,1.4034724872691542,0.38149564398371194
819,2.1036308817241505,PRUNED,0:00:00.336341,0.00030660721355072666,13,1.3060106235187026,0.24382678112635414
820,2.1418984762157303,PRUNED,0:00:00.462546,0.0005499198774885526,9,0.8026849317401208,1.5326705374792975
821,1.9319623136520385,PRUNED,0:00:00.447864,9.62681922718235e-05,20,1.2460992837511582,1.1064286724811714
822,1.8957959090437844,PRUNED,0:00:00.600255,0.00014278273256597995,14,0.7347263391491324,0.4357723638880712
823,0.6988636385048589,PRUNED,0:00:05.563326,0.00021365742257265733,8,0.6857123371888335,0.10253554425765152
824,1.9785255502505474,PRUNED,0:00:00.442369,0.0002774254880457214,9,0.6801980909150567,0.10051812392843411
825,2.04447088543191,PRUNED,0:00:00.475847,0.0002828504991300637,9,1.1909177806483646,1.6847093808918305
826,1.9877286649519397,PRUNED,0:00:00.335811,0.00017903288309035955,12,1.1637109582207015,0.2141770832068704
827,2.1336071027649774,PRUNED,0:00:00.094312,0.0001564854302136366,86,1.1592576425993446,0.28317689011658687
828,2.4078913927078247,PRUNED,0:00:00.060181,0.00020334052862437871,243,1.1236130950578498,1.6757346628086502
829,1.911194186344325,PRUNED,0:00:00.616802,0.00012153465823850653,14,1.1646643728724613,0.1586283563983168
830,4.894042042364557,PRUNED,0:00:00.239634,0.0017541206932482603,18,0.9293897990384429,0.16241467093653833
831,7.575576748847961,PRUNED,0:00:00.116720,0.0011705188178061105,60,0.7700596656342905,1.1572299772769052
832,8294.640391168594,PRUNED,0:00:00.241277,0.07556294409285814,20,0.7404915975246611,0.1542636771503521
833,6.1663264605132015,PRUNED,0:00:00.285691,0.0017767504386390013,17,1.23314652760438,0.15288396582636668
834,1.930590315659841,PRUNED,0:00:00.370542,0.0001168364736401265,25,0.5002233566947667,0.31139266064340543
835,1.9181885173387616,PRUNED,0:00:00.645973,0.0001072295528514,14,1.2378143052021824,1.232238886432042
836,2.037776599327723,PRUNED,0:00:00.075904,0.00012491458717381947,135,1.2602689653860242,0.2385853874382434
837,2.002807140350342,PRUNED,0:00:00.131376,9.206859848879426e-05,47,1.112548099036966,1.5173489874145865
838,1.9820725050839512,PRUNED,0:00:00.078755,8.368708537316069e-05,148,0.5249535336016773,0.8682366395414213
839,1.8580228647878092,PRUNED,0:00:00.686010,0.0001631300558092517,12,0.787343601265748,1.7711749426323815
840,1.8675946992376575,PRUNED,0:00:00.623646,0.00016563931421591184,13,0.6926198091404894,1.239275582811332
841,2.3843173173166092,PRUNED,0:00:00.363050,0.0006994169784278778,12,0.7931210911579917,1.2315598379443826
842,2.158170086996896,PRUNED,0:00:00.083142,0.00016768098684620376,110,1.0167887566585774,1.6273340018865237
843,2.1503330043384006,PRUNED,0:00:00.089558,0.00016648101332985638,109,1.004123664552674,1.914436952942515
844,1.9785572570442354,PRUNED,0:00:00.422209,0.0002258857862129131,10,0.9954462329353944,0.2643762812682465
845,1.979703442362331,PRUNED,0:00:00.413139,0.00023498848910009733,10,0.9673823600932457,1.3797235974115922
846,1.978735161724911,PRUNED,0:00:00.491744,0.00022748648792685186,8,1.1972421247034597,1.9968730572358249
847,1.9984661094073592,PRUNED,0:00:00.194396,0.0002613632702871789,26,0.6417217477280928,1.0355010045444901
848,2.47951911176954,PRUNED,0:00:00.059676,0.000216690660860775,226,1.1460499487141422,1.369726335414295
849,3.0681881308555603,PRUNED,0:00:00.066630,0.00032440845537433843,193,1.192362451411345,0.2693961603940921
850,1.9482413664670057,PRUNED,0:00:00.456340,1.0468192127476818e-06,21,1.194710470413666,0.20328615772721007
851,1.9944592884608678,PRUNED,0:00:00.064170,6.231048528079929e-05,234,1.1969252371853378,1.4838713495916698
852,1.942723070581754,PRUNED,0:00:00.314529,4.308735917185343e-05,31,0.7555739791547019,1.4661461679245147
853,1.923724026747153,PRUNED,0:00:00.447923,0.0001384041065538512,21,1.099001254396092,0.19538587699471022
854,10.85167397336757,PRUNED,0:00:00.168121,0.002481076390263386,32,0.7621673052443739,0.4163043601072135
855,1.922487532036214,PRUNED,0:00:00.486571,0.00013116308898094927,19,1.175479494762959,0.3055364306494689
856,1.9223377049808772,PRUNED,0:00:00.438076,0.00014332721960815008,21,1.1016700052955448,0.1942811470623233
857,1.099238644203832,PRUNED,0:00:02.507487,0.0001374956954825064,8,1.1020601991978767,0.2928066126566769
858,1.9179891390972827,PRUNED,0:00:00.472692,0.00013611001469436733,18,1.172925864239469,0.2906856158214046
859,2.101622548970309,PRUNED,0:00:00.270265,0.0003456664984484093,17,1.1731421801000235,0.9419719962543452
860,1.9424812143499202,PRUNED,0:00:00.122439,1.2779877029756672e-05,142,1.1465278701595105,1.5916628034928144
861,1.9017765316911923,PRUNED,0:00:00.910311,8.076151427768982e-05,8,1.1281630932499656,1.5259010630056706
862,2.482615828514099,PRUNED,0:00:00.055570,0.00019592065125307432,251,1.1264514395931802,1.5250833605827074
863,1.909930672272142,PRUNED,0:00:00.857896,7.538269253182279e-05,9,0.8172342942029843,0.12750100411768392
864,0.9166646146438491,PRUNED,0:00:03.989579,0.00017711284894150113,7,0.7133046537846941,1.6332413145584554
865,2.191087927137102,PRUNED,0:00:00.061545,0.00018729847165898213,221,0.7077973320645502,0.24489432267484798
866,2.770305172816734e-06,COMPLETE,0:00:13.705833,0.00027389282812593043,8,0.5357818969821049,1.6429953613348673
867,1.0984649087793084,PRUNED,0:00:06.921186,0.00028985019569594645,4,0.7260366534460523,0.10184083405164145
868,1.9892545223236084,PRUNED,0:00:00.344276,0.00028571114661890177,15,0.538146191444308,1.6399575027506834
869,1.9182856450571077,PRUNED,0:00:00.651738,0.00010695763829933613,14,1.2169908873707305,0.34430368188977395
870,0.9026612164753098,PRUNED,0:00:10.733037,0.00018015030451484532,4,0.7415761805520027,0.47573033303159723
871,2.2278724817129283,PRUNED,0:00:00.078398,0.00018170730753752377,120,1.1464232998029624,0.8037879576034649
872,2.0680841861232633,PRUNED,0:00:00.204507,0.0002787767957181513,24,1.323565548878115,0.24183670698311494
873,2.7516058840418376,PRUNED,0:00:00.511728,0.0010881185861699616,8,0.947910356331129,1.7019537341822328
874,2.06683954170772,PRUNED,0:00:00.060894,9.642010554927681e-05,240,1.2703931727724058,0.4809648330980795
875,2.0577303360555774,PRUNED,0:00:00.310379,0.0003816668057340257,14,0.736988401862112,1.568603010178159
876,1.9234057023961058,PRUNED,0:00:01.899510,3.0055700779159327e-05,4,1.2267589929018585,1.4314307515953817
877,2.0024559092521668,PRUNED,0:00:00.298655,0.0002475431637331586,15,0.8071631165552304,0.22882447041796394
878,2.160421543651157,PRUNED,0:00:00.065192,0.00019830591362149128,181,0.6382335121692495,1.4472965594757627
879,0.8735656568440058,PRUNED,0:00:07.504521,0.00011736744308909131,4,0.561324847819993,1.8755795637776729
880,1.0041886628154786,PRUNED,0:00:05.768696,0.00010939188727457328,4,0.5332864712308331,0.18372255313527666
881,2.003363057186729,PRUNED,0:00:00.149895,0.00010943025220157285,40,1.1604557084599652,0.16771771988489154
882,4.284173506277579,PRUNED,0:00:00.196659,0.0013621930804769778,28,0.5187308386500777,0.7274607573140287
883,6.9487098253825135,PRUNED,0:00:00.427345,0.0021823923600331223,11,0.7768716367639759,0.390019498138752
884,3.425432313572277,PRUNED,0:00:00.100412,0.000862976077671709,70,0.6282216673755104,0.3278513037813841
885,1.998779374090108,PRUNED,0:00:00.279034,0.00032180469178385565,17,0.5652705418031757,1.8733583279232016
886,2.488162875175476,PRUNED,0:00:00.070921,0.0002660309599609594,174,0.9162474063827819,1.5944702611862829
887,1.9783144698423498,PRUNED,0:00:00.406033,0.0001555114543080188,11,1.1489521867691947,0.13104236312583728
888,2.289672535657883,PRUNED,0:00:00.207618,0.0005138192306346172,25,1.1202838515033176,0.21699367969718475
889,2.4043432474136353,PRUNED,0:00:00.069688,0.00020392710776735617,187,1.2108484392785968,1.489186830263431
890,2.034188449382782,PRUNED,0:00:00.066936,0.00012405224903901484,256,0.5350629422381009,0.6405141656163891
891,1.913008866102799,PRUNED,0:00:00.650621,9.796113738270574e-05,13,0.661444836702656,0.17372640025953942
892,1.9908226387841361,PRUNED,0:00:00.065251,5.3101408206746426e-05,247,0.7546298897494952,0.18513892461616455
893,1.9821998003487276,PRUNED,0:00:00.322235,0.00016740372023756232,14,1.1642904139161971,0.26613005390407335
894,1.9064223670319422,PRUNED,0:00:00.831895,9.222497937227898e-05,10,1.1366766032757516,1.532858972872259
895,2.025452470779419,PRUNED,0:00:00.239933,0.00023317461577880888,20,1.3532648493568966,0.31882616935028796
896,11.998345761773098,PRUNED,0:00:00.472094,0.003229995078472684,9,1.136013642757696,1.545459110874905
897,2.172553211450577,PRUNED,0:00:00.064752,0.00013970170673071423,208,1.290869259703528,1.7574664796046475
898,16.596613010732078,PRUNED,0:00:00.539189,0.003328168138928451,8,1.2533268521541252,1.6137742886295998
899,2.002468718290329,PRUNED,0:00:00.314331,0.00020641791174977735,15,1.086664607118819,0.2355718930416186
900,1.9280884756761438,PRUNED,0:00:00.432870,0.00011785799526273064,22,0.7903793527027638,1.6192413581144822
901,1.9814667536662176,PRUNED,0:00:00.223161,0.00017929452599956257,23,1.1745005268761854,0.42080822701318293
902,2.0144806960049797,PRUNED,0:00:00.094018,0.00011587703390882914,91,0.7808651507345168,1.6729148643902199
903,1.9475052992502848,PRUNED,0:00:00.150298,2.181065714704733e-05,100,1.1130118996088472,1.6683594389385794
904,2.920368711153666,PRUNED,0:00:00.088784,0.000343364829269821,101,1.2279978896132149,0.29516016863258154
905,21.20703707933426,PRUNED,0:00:00.075431,0.001576894458398182,151,1.2023939072641001,0.20932623664961647
906,2.2953392565250397,PRUNED,0:00:00.083200,0.0002480829667978073,127,1.1994544351400955,0.2105465885582226
907,1.092173013315406,PRUNED,0:00:05.723087,0.0002501437543885852,4,1.3771714681453546,0.15223478972153243
908,0.8382070235988145,PRUNED,0:00:09.383509,0.00015119676667761078,4,0.5582164733465034,0.14488467829387225
909,1.934433059520032,PRUNED,0:00:00.484177,7.171776998324484e-05,18,1.157794804684514,0.144808578474278
910,1.8601613188943555,PRUNED,0:00:00.656017,0.00015299274571133018,12,0.5598659425495904,1.4729720399441446
911,1.9769962583818743,PRUNED,0:00:00.327881,0.00015627024255905741,12,1.1812790769684927,1.4899803990725788
912,1.9952243796803735,PRUNED,0:00:00.266149,0.0001971500390407613,17,1.1814660435122102,0.348976608180083
913,2.1070034968852998,PRUNED,0:00:00.295866,0.00042554474880744046,15,0.7408824709306047,0.36411834849449054
914,2.8384251702915537,PRUNED,0:00:00.071044,0.0004050268563802389,139,1.1206635906650904,1.5813337839650488
915,0.6207654057971893,PRUNED,0:00:05.601593,0.00025141069170099805,8,0.8021642144454627,0.2655593886555984
916,1.9954979908035462,PRUNED,0:00:00.458184,0.0002399730309060313,9,0.9682971398430694,0.2547699490844955
917,1.9735389380569917,PRUNED,0:00:00.473529,0.00021504469373635226,9,0.8137293819106367,0.27794418239750684
918,2.0423591620819543,PRUNED,0:00:00.517526,0.0006102587747145472,8,0.8164662713682322,0.13836381398043757
919,2.47425719669887,PRUNED,0:00:00.060490,0.0002951661928482152,216,0.6193053556012796,0.31952758915750873
920,2.027358944217364,PRUNED,0:00:00.108273,0.00014370735835269422,64,1.222474016585759,0.12421698338464784
921,1.9756244186844145,PRUNED,0:00:00.196582,0.00014417841001623214,27,1.1409030606769954,1.0666408046267746
922,263.8113570064306,PRUNED,0:00:00.194353,0.01622984331608469,27,0.8972857440442319,1.5478112191442794
923,11.078626794151113,PRUNED,0:00:00.258417,0.0026174171959989488,19,1.379724639929556,1.7195717992258075
924,4.884360849139202,PRUNED,0:00:00.274632,0.0019412701690934122,18,0.7704281438723712,1.939318304013213
925,2.614351160445949e-06,COMPLETE,0:00:13.339406,0.00030603444686508823,8,0.5429274081675639,1.6952284226990597
926,1.0482882424708335,PRUNED,0:00:06.357995,0.0003501785170538961,4,0.5306881394115799,1.653966100836638
927,1.0901782986137174,PRUNED,0:00:06.592621,0.0002576215364836261,4,0.575422030805262,1.709772401655265
928,5.664127911586547e-06,COMPLETE,0:00:14.435261,0.0003284611240010081,8,0.539131767461971,1.6546842728368927
929,0.5311371471772912,PRUNED,0:00:11.581522,0.0003539740787304817,8,0.5894605649635004,1.6725246633230926
930,2.0835964622036105,PRUNED,0:00:00.351851,0.0005376947568927293,12,0.5244566884979578,1.6017142792231527
931,0.8618735480372623,PRUNED,0:00:12.025166,0.00037291605391983235,8,0.5010664385077519,1.697233353559656
932,2.268423934777578,PRUNED,0:00:00.076887,0.0003535941664397795,133,0.543875897845978,1.6484063624121417
933,2.3895554691553116,PRUNED,0:00:00.064309,0.00030982613001732424,197,0.5239897169427541,1.7024528879016037
934,3.769750037463382e-06,COMPLETE,0:00:12.637654,0.00029806897802510987,9,0.5266636085945268,1.6995453477508313
935,1.9365346797050969,PRUNED,0:00:00.674937,3.5925079317427164e-05,12,0.5145238053256666,1.626916225533222
936,4.395429186843103e-06,COMPLETE,0:00:13.128929,0.0003020695355003342,9,0.5412970485502969,1.5851783229874121
937,2.774157077074051,PRUNED,0:00:00.109863,0.0004740585871602452,54,0.553890036351819,1.7670285666432755
938,2.378698354732478e-06,COMPLETE,0:00:12.081396,0.0003184021589465562,9,0.5112855064136942,1.715878544199401
939,3.7879593849182127,PRUNED,0:00:00.065917,0.0006551165607958173,163,0.5148240920832244,1.7697543045850574
940,2.0227861528811246,PRUNED,0:00:00.340663,0.00040357905162372373,13,0.5046395632248484,1.8098777167581837
941,1.9443168752145448,PRUNED,0:00:00.785361,9.550019853032706e-06,10,0.6824500583885892,1.6823283162713747
942,11.944763219356537,PRUNED,0:00:00.295922,0.0041717553341500966,15,0.5031431326325262,1.692485426227846
943,40.98349961280823,PRUNED,0:00:00.289074,0.007633619780304515,15,0.5489423066344505,1.6293323669841209
944,2.7260774740805993,PRUNED,0:00:00.075317,0.0003042385349530103,117,1.1053489012571878,1.6039449015039602
945,3.1856470108032227,PRUNED,0:00:00.059232,0.0004797339085540313,228,0.542261012858451,1.7383027656306635
946,1.0672344569774235,PRUNED,0:00:02.126086,0.0002057715112043688,11,0.5761216967358028,1.749847926499338
947,2.8634061937746793,PRUNED,0:00:00.334972,0.001112423877873648,13,0.6603117008514214,1.74225180353337
948,1.126114018822229,PRUNED,0:00:02.398135,0.0002051818214798874,8,1.0540583919123683,1.5689648709755724
949,1.987971731821696,PRUNED,0:00:00.213354,0.00019731679782423735,20,1.0590493918731902,1.5764240672874892
950,1.9285402663292424,PRUNED,0:00:00.604415,6.281092377097508e-05,12,1.080941655691269,1.7311243236862235
951,2.08660325984801,PRUNED,0:00:00.923537,0.0008389818174697389,4,1.165388722285295,1.6472846636088208
952,4.997825711588316,PRUNED,0:00:00.235658,0.0015169443688179424,19,1.2579418547730083,1.5579928478790415
953,1.0721017916997273,PRUNED,0:00:04.608634,8.920660581219984e-05,4,1.0269878646699273,1.652500547430268
954,1.9314264912496915,PRUNED,0:00:00.505038,8.146271702630549e-05,17,1.1521957101833178,1.6306763129803006
955,1.9453388487779966,PRUNED,0:00:01.789338,2.8824570248050336e-06,4,0.6979045822035594,1.5082520336630352
956,2.2487993478775024,PRUNED,0:00:00.281778,0.0004215412834810897,15,1.279939799007406,1.6721208006920323
957,1.9460639458436233,PRUNED,0:00:00.378354,1.5381184731601605e-05,23,1.127942086554458,1.7998131534895514
958,2.1343319686976345,PRUNED,0:00:00.149314,0.0002506184521282137,34,1.0269363402430185,1.6543767063789807
959,1.9266465890407563,PRUNED,0:00:00.553961,9.005833463935058e-05,15,1.2140641453275318,1.3957205943211672
960,1.9838441323085003,PRUNED,0:00:00.438490,0.0001699331932561216,9,1.3054286650284228,1.6056486953437148
961,1.0416459625446668,PRUNED,0:00:05.306283,0.00012494762875873007,4,1.1550056775015087,1.540118273029103
962,1.9926683469252153,PRUNED,0:00:00.266251,0.0002613311603889911,17,0.7176121728092915,1.5498710843062171
963,1.8870196105802761,PRUNED,0:00:00.743861,0.0001286521908854932,11,1.188210420829751,0.9815861855355378
964,2.344517342860882,PRUNED,0:00:00.201783,0.0005769057279671379,23,1.1817844262799173,1.7268880747672302
965,2.038275845154472,PRUNED,0:00:00.323612,0.000437123020491335,13,0.5097529280042027,1.6956392964989062
966,2.232263614859762,PRUNED,0:00:00.238287,0.00048620989970436763,19,1.1590028335311893,1.7948949633966615
967,2.188401920454843,PRUNED,0:00:00.062994,0.00021819084907739113,243,0.5171749287917228,1.7526099070349586
968,2.215723870675775,PRUNED,0:00:00.248979,0.0004732942126934564,19,1.156043233427944,1.7248115295912565
969,51.984380160059246,PRUNED,0:00:00.059669,0.0020782753387143947,234,1.2347072439593747,1.744767252795796
970,1.9849401144223793,PRUNED,0:00:00.305998,0.00018117301430845004,14,1.087328961034201,1.7180684703862585
971,2.3133368492126465,PRUNED,0:00:00.058343,0.00017559752785546978,250,1.0961984014251607,1.4530867069955347
972,2.2211426392845484,PRUNED,0:00:00.355698,0.0007485847319073157,13,0.5049051128013897,0.568802600213713
973,2.0582364082336424,PRUNED,0:00:00.067505,0.000107870446006167,158,1.1224777354254016,1.4959071714097667
974,2.616839732442583,PRUNED,0:00:00.114145,0.0003643835103498433,74,0.9866899928328894,0.6945728666572499
975,1.9857794046401978,PRUNED,0:00:00.130334,0.0001362798073902497,43,0.5195530889403507,1.8241887390993103
976,2.1356798675325184,PRUNED,0:00:00.069161,0.0001350236184366634,169,1.2050081407086486,1.7820386770211558
977,1.9754985711907829,PRUNED,0:00:00.493797,0.0002195368802211798,8,1.1802501609662106,0.10394681116143226
978,2.888463075344379,PRUNED,0:00:00.071136,0.00032382500686083376,122,1.1361543770387443,1.5165573344903462
979,2.1761028458995204,PRUNED,0:00:00.897621,0.0013179292469055928,4,0.6354833995897528,1.6927646020979585
980,1.9399793221400334,PRUNED,0:00:00.344264,4.955776506896128e-05,23,0.6691117006494154,0.17207959047181437
981,1.9757936711770943,PRUNED,0:00:00.397582,0.00017208987189250188,9,1.1138321687799124,0.16916173069623597
982,1.9755461287498475,PRUNED,0:00:00.276301,0.00025574683565084366,15,0.5002428600403171,1.6771020213063643
983,1.9744208065363078,PRUNED,0:00:00.158492,0.00010102610029293524,29,1.226652338954404,1.458362049231941
984,2.1713472604751587,PRUNED,0:00:00.063730,0.00019979225206007926,129,1.2049375575978323,1.6054698117838357
985,7.446803057409195,PRUNED,0:00:00.398337,0.0025532501009433535,9,0.9369357844054125,0.19058521715546664
986,1.9803430891036988,PRUNED,0:00:00.260030,0.00015906341109651979,15,1.1381183491396727,0.1012636386253426
987,2.219192721626975,PRUNED,0:00:00.061133,0.00027997899052215123,146,0.7006401313203131,1.4231870457950184
988,1.9385306615095872,PRUNED,0:00:00.346304,7.038794512243473e-05,23,1.2411051425674766,1.5103750791208053
989,0.7914812355752914,PRUNED,0:00:04.207912,0.0002141810889187115,8,0.613639894704104,0.20862023261037532
990,1.9272821734223184,PRUNED,0:00:00.407228,0.00011281992954631213,19,1.1715191527826299,1.175056838278369
991,2.034413562880622,PRUNED,0:00:00.075686,0.00015531539026849395,85,0.5518179266268088,0.14131282971998826
992,2.458847778184073,PRUNED,0:00:00.049723,0.0003149710838300023,238,0.5254111147722142,1.7084605203645415
993,33.11157138645649,PRUNED,0:00:00.051997,0.0018079261826757162,200,1.201879371795118,1.3303580050290722
994,0.5293104763753632,PRUNED,0:00:13.034635,0.00017194895158348386,4,0.7270727331233625,1.9568148610376062
995,2.0268927485712114,PRUNED,0:00:00.301418,0.00023006225337309264,12,1.2695969420292734,1.5848801200092835
996,1.970590276102866,PRUNED,0:00:00.304682,0.00012939609772856677,12,1.337408771690115,1.7707485284702909
997,1.984694480895996,PRUNED,0:00:00.052859,2.643215003723731e-05,212,0.5001975865021211,0.9215241403794836
998,2.0272582179756573,PRUNED,0:00:00.433145,0.00038174889706010773,8,1.1172082121708842,0.18101106424889613
999,1.9278022166221374,PRUNED,0:00:00.494402,9.1210666462742e-05,16,1.1772662547318815,1.558213711687085
